Timestamp,Region,Resource Type,Resource Name,Status,Action Taken
2026-06-27 14:56:31,us-east-1,S3 Bucket,heal-test-bucket,VULNERABLE (PUBLIC),HEALED - Locked to PRIVATE
2026-06-27 14:56:31,us-east-1,Network Firewall,vulnerable-corp-firewall (sg-fb1de1ed9df223bb3),EXPOSED TO INTERNET,HEALED - Revoked global access rules
2026-06-27 14:56:31,us-west-2,S3 Bucket,heal-test-bucket,VULNERABLE (PUBLIC),HEALED - Locked to PRIVATE
2026-06-27 14:56:31,eu-west-1,S3 Bucket,heal-test-bucket,VULNERABLE (PUBLIC),HEALED - Locked to PRIVATE
2026-06-27 14:56:31,ap-southeast-1,S3 Bucket,heal-test-bucket,VULNERABLE (PUBLIC),HEALED - Locked to PRIVATE
2026-06-28 11:46:31,us-east-1,S3 Bucket,heal-test-bucket,SECURED,Enforced Private Policy
2026-06-28 11:46:31,us-east-1,Network Firewall,vulnerable-corp-firewall,SECURED,Isolated exposed ports
2026-06-28 11:46:32,us-west-2,S3 Bucket,heal-test-bucket,SECURED,Enforced Private Policy
2026-06-28 11:46:32,eu-west-1,S3 Bucket,heal-test-bucket,SECURED,Enforced Private Policy
2026-06-28 11:46:32,ap-southeast-1,S3 Bucket,heal-test-bucket,SECURED,Enforced Private Policy
2026-06-28 11:47:32,us-east-1,S3 Bucket,heal-test-bucket,SECURED,Enforced Private Policy
2026-06-28 11:47:32,us-east-1,Network Firewall,vulnerable-corp-firewall,SECURED,Isolated exposed ports
2026-06-28 11:47:33,us-west-2,S3 Bucket,heal-test-bucket,SECURED,Enforced Private Policy
2026-06-28 11:47:33,eu-west-1,S3 Bucket,heal-test-bucket,SECURED,Enforced Private Policy
2026-06-28 11:47:33,ap-southeast-1,S3 Bucket,heal-test-bucket,SECURED,Enforced Private Policy
2026-06-28 11:48:33,us-east-1,S3 Bucket,heal-test-bucket,SECURED,Enforced Private Policy
2026-06-28 11:48:33,us-east-1,Network Firewall,vulnerable-corp-firewall,SECURED,Isolated exposed ports
2026-06-28 11:48:33,us-west-2,S3 Bucket,heal-test-bucket,SECURED,Enforced Private Policy
2026-06-28 11:48:33,eu-west-1,S3 Bucket,heal-test-bucket,SECURED,Enforced Private Policy
2026-06-28 11:48:33,ap-southeast-1,S3 Bucket,heal-test-bucket,SECURED,Enforced Private Policy
2026-06-28 11:49:33,us-east-1,S3 Bucket,heal-test-bucket,SECURED,Enforced Private Policy
2026-06-28 11:49:33,us-east-1,Network Firewall,vulnerable-corp-firewall,SECURED,Isolated exposed ports
2026-06-28 11:49:33,us-west-2,S3 Bucket,heal-test-bucket,SECURED,Enforced Private Policy
2026-06-28 11:49:33,eu-west-1,S3 Bucket,heal-test-bucket,SECURED,Enforced Private Policy
2026-06-28 11:49:34,ap-southeast-1,S3 Bucket,heal-test-bucket,SECURED,Enforced Private Policy
2026-06-28 11:50:34,us-east-1,S3 Bucket,heal-test-bucket,SECURED,Enforced Private Policy
2026-06-28 11:50:34,us-east-1,Network Firewall,vulnerable-corp-firewall,SECURED,Isolated exposed ports
2026-06-28 11:50:34,us-west-2,S3 Bucket,heal-test-bucket,SECURED,Enforced Private Policy
2026-06-28 11:50:34,eu-west-1,S3 Bucket,heal-test-bucket,SECURED,Enforced Private Policy
2026-06-28 11:50:34,ap-southeast-1,S3 Bucket,heal-test-bucket,SECURED,Enforced Private Policy
2026-06-28 11:51:34,us-east-1,S3 Bucket,heal-test-bucket,SECURED,Enforced Private Policy
2026-06-28 11:51:34,us-east-1,Network Firewall,vulnerable-corp-firewall,SECURED,Isolated exposed ports
2026-06-28 11:51:34,us-west-2,S3 Bucket,heal-test-bucket,SECURED,Enforced Private Policy
2026-06-28 11:51:34,eu-west-1,S3 Bucket,heal-test-bucket,SECURED,Enforced Private Policy
2026-06-28 11:51:34,ap-southeast-1,S3 Bucket,heal-test-bucket,SECURED,Enforced Private Policy
2026-06-28 11:52:35,us-east-1,S3 Bucket,heal-test-bucket,SECURED,Enforced Private Policy
2026-06-28 11:52:35,us-east-1,Network Firewall,vulnerable-corp-firewall,SECURED,Isolated exposed ports
2026-06-28 11:52:35,us-west-2,S3 Bucket,heal-test-bucket,SECURED,Enforced Private Policy
2026-06-28 11:52:35,eu-west-1,S3 Bucket,heal-test-bucket,SECURED,Enforced Private Policy
2026-06-28 11:52:35,ap-southeast-1,S3 Bucket,heal-test-bucket,SECURED,Enforced Private Policy
2026-06-28 11:53:35,us-east-1,S3 Bucket,heal-test-bucket,SECURED,Enforced Private Policy
2026-06-28 11:53:35,us-east-1,Network Firewall,vulnerable-corp-firewall,SECURED,Isolated exposed ports
2026-06-28 11:53:35,us-west-2,S3 Bucket,heal-test-bucket,SECURED,Enforced Private Policy
2026-06-28 11:53:35,eu-west-1,S3 Bucket,heal-test-bucket,SECURED,Enforced Private Policy
2026-06-28 11:53:35,ap-southeast-1,S3 Bucket,heal-test-bucket,SECURED,Enforced Private Policy
2026-06-28 11:54:35,us-east-1,S3 Bucket,heal-test-bucket,SECURED,Enforced Private Policy
2026-06-28 11:54:35,us-east-1,Network Firewall,vulnerable-corp-firewall,SECURED,Isolated exposed ports
2026-06-28 11:54:36,us-west-2,S3 Bucket,heal-test-bucket,SECURED,Enforced Private Policy
2026-06-28 11:54:36,eu-west-1,S3 Bucket,heal-test-bucket,SECURED,Enforced Private Policy
2026-06-28 11:54:36,ap-southeast-1,S3 Bucket,heal-test-bucket,SECURED,Enforced Private Policy
2026-06-28 11:55:36,us-east-1,S3 Bucket,heal-test-bucket,SECURED,Enforced Private Policy
2026-06-28 11:55:36,us-east-1,Network Firewall,vulnerable-corp-firewall,SECURED,Isolated exposed ports
2026-06-28 11:55:36,us-west-2,S3 Bucket,heal-test-bucket,SECURED,Enforced Private Policy
2026-06-28 11:55:36,eu-west-1,S3 Bucket,heal-test-bucket,SECURED,Enforced Private Policy
2026-06-28 11:55:36,ap-southeast-1,S3 Bucket,heal-test-bucket,SECURED,Enforced Private Policy
2026-06-28 11:56:36,us-east-1,S3 Bucket,heal-test-bucket,SECURED,Enforced Private Policy
2026-06-28 11:56:36,us-east-1,Network Firewall,vulnerable-corp-firewall,SECURED,Isolated exposed ports
2026-06-28 11:56:36,us-west-2,S3 Bucket,heal-test-bucket,SECURED,Enforced Private Policy
2026-06-28 11:56:36,eu-west-1,S3 Bucket,heal-test-bucket,SECURED,Enforced Private Policy
2026-06-28 11:56:37,ap-southeast-1,S3 Bucket,heal-test-bucket,SECURED,Enforced Private Policy
2026-06-28 11:57:37,us-east-1,S3 Bucket,heal-test-bucket,SECURED,Enforced Private Policy
2026-06-28 11:57:37,us-east-1,Network Firewall,vulnerable-corp-firewall,SECURED,Isolated exposed ports
2026-06-28 11:57:37,us-west-2,S3 Bucket,heal-test-bucket,SECURED,Enforced Private Policy
2026-06-28 11:57:37,eu-west-1,S3 Bucket,heal-test-bucket,SECURED,Enforced Private Policy
2026-06-28 11:57:37,ap-southeast-1,S3 Bucket,heal-test-bucket,SECURED,Enforced Private Policy
2026-06-28 11:58:37,us-east-1,S3 Bucket,heal-test-bucket,SECURED,Enforced Private Policy
2026-06-28 11:58:37,us-east-1,Network Firewall,vulnerable-corp-firewall,SECURED,Isolated exposed ports
2026-06-28 11:58:37,us-west-2,S3 Bucket,heal-test-bucket,SECURED,Enforced Private Policy
2026-06-28 11:58:38,eu-west-1,S3 Bucket,heal-test-bucket,SECURED,Enforced Private Policy
2026-06-28 11:58:38,ap-southeast-1,S3 Bucket,heal-test-bucket,SECURED,Enforced Private Policy
2026-06-28 11:59:38,us-east-1,S3 Bucket,heal-test-bucket,SECURED,Enforced Private Policy
2026-06-28 11:59:38,us-east-1,Network Firewall,vulnerable-corp-firewall,SECURED,Isolated exposed ports
2026-06-28 11:59:38,us-west-2,S3 Bucket,heal-test-bucket,SECURED,Enforced Private Policy
2026-06-28 11:59:38,eu-west-1,S3 Bucket,heal-test-bucket,SECURED,Enforced Private Policy
2026-06-28 11:59:38,ap-southeast-1,S3 Bucket,heal-test-bucket,SECURED,Enforced Private Policy
2026-06-28 12:00:38,us-east-1,S3 Bucket,heal-test-bucket,SECURED,Enforced Private Policy
2026-06-28 12:00:38,us-east-1,Network Firewall,vulnerable-corp-firewall,SECURED,Isolated exposed ports
2026-06-28 12:00:38,us-west-2,S3 Bucket,heal-test-bucket,SECURED,Enforced Private Policy
2026-06-28 12:00:38,eu-west-1,S3 Bucket,heal-test-bucket,SECURED,Enforced Private Policy
2026-06-28 12:00:39,ap-southeast-1,S3 Bucket,heal-test-bucket,SECURED,Enforced Private Policy
2026-06-28 12:01:39,us-east-1,S3 Bucket,heal-test-bucket,SECURED,Enforced Private Policy
2026-06-28 12:01:39,us-east-1,Network Firewall,vulnerable-corp-firewall,SECURED,Isolated exposed ports
2026-06-28 12:01:39,us-west-2,S3 Bucket,heal-test-bucket,SECURED,Enforced Private Policy
2026-06-28 12:01:39,eu-west-1,S3 Bucket,heal-test-bucket,SECURED,Enforced Private Policy
2026-06-28 12:01:39,ap-southeast-1,S3 Bucket,heal-test-bucket,SECURED,Enforced Private Policy
2026-06-28 12:02:39,us-east-1,S3 Bucket,heal-test-bucket,SECURED,Enforced Private Policy
2026-06-28 12:02:39,us-east-1,Network Firewall,vulnerable-corp-firewall,SECURED,Isolated exposed ports
2026-06-28 12:02:39,us-west-2,S3 Bucket,heal-test-bucket,SECURED,Enforced Private Policy
2026-06-28 12:02:39,eu-west-1,S3 Bucket,heal-test-bucket,SECURED,Enforced Private Policy
2026-06-28 12:02:39,ap-southeast-1,S3 Bucket,heal-test-bucket,SECURED,Enforced Private Policy
2026-06-28 12:03:39,us-east-1,S3 Bucket,heal-test-bucket,SECURED,Enforced Private Policy
2026-06-28 12:03:39,us-east-1,Network Firewall,vulnerable-corp-firewall,SECURED,Isolated exposed ports
2026-06-28 12:03:40,us-west-2,S3 Bucket,heal-test-bucket,SECURED,Enforced Private Policy
2026-06-28 12:03:40,eu-west-1,S3 Bucket,heal-test-bucket,SECURED,Enforced Private Policy
2026-06-28 12:03:40,ap-southeast-1,S3 Bucket,heal-test-bucket,SECURED,Enforced Private Policy
2026-06-28 12:04:40,us-east-1,S3 Bucket,heal-test-bucket,SECURED,Enforced Private Policy
2026-06-28 12:04:40,us-east-1,Network Firewall,vulnerable-corp-firewall,SECURED,Isolated exposed ports
2026-06-28 12:04:40,us-west-2,S3 Bucket,heal-test-bucket,SECURED,Enforced Private Policy
2026-06-28 12:04:40,eu-west-1,S3 Bucket,heal-test-bucket,SECURED,Enforced Private Policy
2026-06-28 12:04:40,ap-southeast-1,S3 Bucket,heal-test-bucket,SECURED,Enforced Private Policy
2026-06-28 12:05:40,us-east-1,S3 Bucket,heal-test-bucket,SECURED,Enforced Private Policy
2026-06-28 12:05:40,us-east-1,Network Firewall,vulnerable-corp-firewall,SECURED,Isolated exposed ports
2026-06-28 12:05:41,us-west-2,S3 Bucket,heal-test-bucket,SECURED,Enforced Private Policy
2026-06-28 12:05:41,eu-west-1,S3 Bucket,heal-test-bucket,SECURED,Enforced Private Policy
2026-06-28 12:05:41,ap-southeast-1,S3 Bucket,heal-test-bucket,SECURED,Enforced Private Policy
2026-06-28 12:06:41,us-east-1,S3 Bucket,heal-test-bucket,SECURED,Enforced Private Policy
2026-06-28 12:06:41,us-east-1,Network Firewall,vulnerable-corp-firewall,SECURED,Isolated exposed ports
2026-06-28 12:06:41,us-west-2,S3 Bucket,heal-test-bucket,SECURED,Enforced Private Policy
2026-06-28 12:06:41,eu-west-1,S3 Bucket,heal-test-bucket,SECURED,Enforced Private Policy
2026-06-28 12:06:41,ap-southeast-1,S3 Bucket,heal-test-bucket,SECURED,Enforced Private Policy
2026-06-28 12:07:41,us-east-1,S3 Bucket,heal-test-bucket,SECURED,Enforced Private Policy
2026-06-28 12:07:41,us-east-1,Network Firewall,vulnerable-corp-firewall,SECURED,Isolated exposed ports
2026-06-28 12:07:41,us-west-2,S3 Bucket,heal-test-bucket,SECURED,Enforced Private Policy
2026-06-28 12:07:42,eu-west-1,S3 Bucket,heal-test-bucket,SECURED,Enforced Private Policy
2026-06-28 12:07:42,ap-southeast-1,S3 Bucket,heal-test-bucket,SECURED,Enforced Private Policy
2026-06-28 12:08:42,us-east-1,S3 Bucket,heal-test-bucket,SECURED,Enforced Private Policy
2026-06-28 12:08:42,us-east-1,Network Firewall,vulnerable-corp-firewall,SECURED,Isolated exposed ports
2026-06-28 12:08:42,us-west-2,S3 Bucket,heal-test-bucket,SECURED,Enforced Private Policy
2026-06-28 12:08:42,eu-west-1,S3 Bucket,heal-test-bucket,SECURED,Enforced Private Policy
2026-06-28 12:08:42,ap-southeast-1,S3 Bucket,heal-test-bucket,SECURED,Enforced Private Policy
2026-06-28 12:09:42,us-east-1,S3 Bucket,heal-test-bucket,SECURED,Enforced Private Policy
2026-06-28 12:09:42,us-east-1,Network Firewall,vulnerable-corp-firewall,SECURED,Isolated exposed ports
2026-06-28 12:09:42,us-west-2,S3 Bucket,heal-test-bucket,SECURED,Enforced Private Policy
2026-06-28 12:09:42,eu-west-1,S3 Bucket,heal-test-bucket,SECURED,Enforced Private Policy
2026-06-28 12:09:42,ap-southeast-1,S3 Bucket,heal-test-bucket,SECURED,Enforced Private Policy
2026-06-28 12:10:43,us-east-1,S3 Bucket,heal-test-bucket,SECURED,Enforced Private Policy
2026-06-28 12:10:43,us-east-1,Network Firewall,vulnerable-corp-firewall,SECURED,Isolated exposed ports
2026-06-28 12:10:43,us-west-2,S3 Bucket,heal-test-bucket,SECURED,Enforced Private Policy
2026-06-28 12:10:43,eu-west-1,S3 Bucket,heal-test-bucket,SECURED,Enforced Private Policy
2026-06-28 12:10:43,ap-southeast-1,S3 Bucket,heal-test-bucket,SECURED,Enforced Private Policy
2026-06-28 12:11:43,us-east-1,S3 Bucket,heal-test-bucket,SECURED,Enforced Private Policy
2026-06-28 12:11:43,us-east-1,Network Firewall,vulnerable-corp-firewall,SECURED,Isolated exposed ports
2026-06-28 12:11:43,us-west-2,S3 Bucket,heal-test-bucket,SECURED,Enforced Private Policy
2026-06-28 12:11:43,eu-west-1,S3 Bucket,heal-test-bucket,SECURED,Enforced Private Policy
2026-06-28 12:11:43,ap-southeast-1,S3 Bucket,heal-test-bucket,SECURED,Enforced Private Policy
2026-06-28 12:12:44,us-east-1,S3 Bucket,heal-test-bucket,SECURED,Enforced Private Policy
2026-06-28 12:12:44,us-east-1,Network Firewall,vulnerable-corp-firewall,SECURED,Isolated exposed ports
2026-06-28 12:12:44,us-west-2,S3 Bucket,heal-test-bucket,SECURED,Enforced Private Policy
2026-06-28 12:12:44,eu-west-1,S3 Bucket,heal-test-bucket,SECURED,Enforced Private Policy
2026-06-28 12:12:44,ap-southeast-1,S3 Bucket,heal-test-bucket,SECURED,Enforced Private Policy
2026-06-28 12:13:44,us-east-1,S3 Bucket,heal-test-bucket,SECURED,Enforced Private Policy
2026-06-28 12:13:44,us-east-1,Network Firewall,vulnerable-corp-firewall,SECURED,Isolated exposed ports
2026-06-28 12:13:44,us-west-2,S3 Bucket,heal-test-bucket,SECURED,Enforced Private Policy
2026-06-28 12:13:44,eu-west-1,S3 Bucket,heal-test-bucket,SECURED,Enforced Private Policy
2026-06-28 12:13:44,ap-southeast-1,S3 Bucket,heal-test-bucket,SECURED,Enforced Private Policy
2026-06-28 12:14:45,us-east-1,S3 Bucket,heal-test-bucket,SECURED,Enforced Private Policy
2026-06-28 12:14:45,us-east-1,Network Firewall,vulnerable-corp-firewall,SECURED,Isolated exposed ports
2026-06-28 12:14:45,us-west-2,S3 Bucket,heal-test-bucket,SECURED,Enforced Private Policy
2026-06-28 12:14:45,eu-west-1,S3 Bucket,heal-test-bucket,SECURED,Enforced Private Policy
2026-06-28 12:14:45,ap-southeast-1,S3 Bucket,heal-test-bucket,SECURED,Enforced Private Policy
2026-06-28 12:15:45,us-east-1,S3 Bucket,heal-test-bucket,SECURED,Enforced Private Policy
2026-06-28 12:15:45,us-east-1,Network Firewall,vulnerable-corp-firewall,SECURED,Isolated exposed ports
2026-06-28 12:15:45,us-west-2,S3 Bucket,heal-test-bucket,SECURED,Enforced Private Policy
2026-06-28 12:15:45,eu-west-1,S3 Bucket,heal-test-bucket,SECURED,Enforced Private Policy
2026-06-28 12:15:45,ap-southeast-1,S3 Bucket,heal-test-bucket,SECURED,Enforced Private Policy
2026-06-28 12:16:45,us-east-1,S3 Bucket,heal-test-bucket,SECURED,Enforced Private Policy
2026-06-28 12:16:45,us-east-1,Network Firewall,vulnerable-corp-firewall,SECURED,Isolated exposed ports
2026-06-28 12:16:46,us-west-2,S3 Bucket,heal-test-bucket,SECURED,Enforced Private Policy
2026-06-28 12:16:46,eu-west-1,S3 Bucket,heal-test-bucket,SECURED,Enforced Private Policy
2026-06-28 12:16:46,ap-southeast-1,S3 Bucket,heal-test-bucket,SECURED,Enforced Private Policy
2026-06-28 12:17:46,us-east-1,S3 Bucket,heal-test-bucket,SECURED,Enforced Private Policy
2026-06-28 12:17:46,us-east-1,Network Firewall,vulnerable-corp-firewall,SECURED,Isolated exposed ports
2026-06-28 12:17:46,us-west-2,S3 Bucket,heal-test-bucket,SECURED,Enforced Private Policy
2026-06-28 12:17:46,eu-west-1,S3 Bucket,heal-test-bucket,SECURED,Enforced Private Policy
2026-06-28 12:17:46,ap-southeast-1,S3 Bucket,heal-test-bucket,SECURED,Enforced Private Policy
2026-06-28 12:18:46,us-east-1,S3 Bucket,heal-test-bucket,SECURED,Enforced Private Policy
2026-06-28 12:18:46,us-east-1,Network Firewall,vulnerable-corp-firewall,SECURED,Isolated exposed ports
2026-06-28 12:18:46,us-west-2,S3 Bucket,heal-test-bucket,SECURED,Enforced Private Policy
2026-06-28 12:18:47,eu-west-1,S3 Bucket,heal-test-bucket,SECURED,Enforced Private Policy
2026-06-28 12:18:47,ap-southeast-1,S3 Bucket,heal-test-bucket,SECURED,Enforced Private Policy
2026-06-28 12:19:47,us-east-1,S3 Bucket,heal-test-bucket,SECURED,Enforced Private Policy
2026-06-28 12:19:47,us-east-1,Network Firewall,vulnerable-corp-firewall,SECURED,Isolated exposed ports
2026-06-28 12:19:47,us-west-2,S3 Bucket,heal-test-bucket,SECURED,Enforced Private Policy
2026-06-28 12:19:47,eu-west-1,S3 Bucket,heal-test-bucket,SECURED,Enforced Private Policy
2026-06-28 12:19:47,ap-southeast-1,S3 Bucket,heal-test-bucket,SECURED,Enforced Private Policy
2026-06-28 12:20:47,us-east-1,S3 Bucket,heal-test-bucket,SECURED,Enforced Private Policy
2026-06-28 12:20:47,us-east-1,Network Firewall,vulnerable-corp-firewall,SECURED,Isolated exposed ports
2026-06-28 12:20:47,us-west-2,S3 Bucket,heal-test-bucket,SECURED,Enforced Private Policy
2026-06-28 12:20:48,eu-west-1,S3 Bucket,heal-test-bucket,SECURED,Enforced Private Policy
2026-06-28 12:20:48,ap-southeast-1,S3 Bucket,heal-test-bucket,SECURED,Enforced Private Policy
2026-06-28 12:21:48,us-east-1,S3 Bucket,heal-test-bucket,SECURED,Enforced Private Policy
2026-06-28 12:21:48,us-east-1,Network Firewall,vulnerable-corp-firewall,SECURED,Isolated exposed ports
2026-06-28 12:21:48,us-west-2,S3 Bucket,heal-test-bucket,SECURED,Enforced Private Policy
2026-06-28 12:21:48,eu-west-1,S3 Bucket,heal-test-bucket,SECURED,Enforced Private Policy
2026-06-28 12:21:48,ap-southeast-1,S3 Bucket,heal-test-bucket,SECURED,Enforced Private Policy
2026-06-28 12:22:48,us-east-1,S3 Bucket,heal-test-bucket,SECURED,Enforced Private Policy
2026-06-28 12:22:48,us-east-1,Network Firewall,vulnerable-corp-firewall,SECURED,Isolated exposed ports
2026-06-28 12:22:48,us-west-2,S3 Bucket,heal-test-bucket,SECURED,Enforced Private Policy
2026-06-28 12:22:48,eu-west-1,S3 Bucket,heal-test-bucket,SECURED,Enforced Private Policy
2026-06-28 12:22:49,ap-southeast-1,S3 Bucket,heal-test-bucket,SECURED,Enforced Private Policy
2026-06-28 12:23:49,us-east-1,S3 Bucket,heal-test-bucket,SECURED,Enforced Private Policy
2026-06-28 12:23:49,us-east-1,Network Firewall,vulnerable-corp-firewall,SECURED,Isolated exposed ports
2026-06-28 12:23:49,us-west-2,S3 Bucket,heal-test-bucket,SECURED,Enforced Private Policy
2026-06-28 12:23:49,eu-west-1,S3 Bucket,heal-test-bucket,SECURED,Enforced Private Policy
2026-06-28 12:23:49,ap-southeast-1,S3 Bucket,heal-test-bucket,SECURED,Enforced Private Policy
2026-06-28 12:24:49,us-east-1,S3 Bucket,heal-test-bucket,SECURED,Enforced Private Policy
2026-06-28 12:24:49,us-east-1,Network Firewall,vulnerable-corp-firewall,SECURED,Isolated exposed ports
2026-06-28 12:24:49,us-west-2,S3 Bucket,heal-test-bucket,SECURED,Enforced Private Policy
2026-06-28 12:24:49,eu-west-1,S3 Bucket,heal-test-bucket,SECURED,Enforced Private Policy
2026-06-28 12:24:49,ap-southeast-1,S3 Bucket,heal-test-bucket,SECURED,Enforced Private Policy
2026-06-28 12:25:50,us-east-1,S3 Bucket,heal-test-bucket,SECURED,Enforced Private Policy
2026-06-28 12:25:50,us-east-1,Network Firewall,vulnerable-corp-firewall,SECURED,Isolated exposed ports
2026-06-28 12:25:50,us-west-2,S3 Bucket,heal-test-bucket,SECURED,Enforced Private Policy
2026-06-28 12:25:50,eu-west-1,S3 Bucket,heal-test-bucket,SECURED,Enforced Private Policy
2026-06-28 12:25:50,ap-southeast-1,S3 Bucket,heal-test-bucket,SECURED,Enforced Private Policy
2026-06-28 12:26:50,us-east-1,S3 Bucket,heal-test-bucket,SECURED,Enforced Private Policy
2026-06-28 12:26:50,us-east-1,Network Firewall,vulnerable-corp-firewall,SECURED,Isolated exposed ports
2026-06-28 12:26:50,us-west-2,S3 Bucket,heal-test-bucket,SECURED,Enforced Private Policy
2026-06-28 12:26:50,eu-west-1,S3 Bucket,heal-test-bucket,SECURED,Enforced Private Policy
2026-06-28 12:26:50,ap-southeast-1,S3 Bucket,heal-test-bucket,SECURED,Enforced Private Policy
2026-06-28 12:27:50,us-east-1,S3 Bucket,heal-test-bucket,SECURED,Enforced Private Policy
2026-06-28 12:27:50,us-east-1,Network Firewall,vulnerable-corp-firewall,SECURED,Isolated exposed ports
2026-06-28 12:27:51,us-west-2,S3 Bucket,heal-test-bucket,SECURED,Enforced Private Policy
2026-06-28 12:27:51,eu-west-1,S3 Bucket,heal-test-bucket,SECURED,Enforced Private Policy
2026-06-28 12:27:51,ap-southeast-1,S3 Bucket,heal-test-bucket,SECURED,Enforced Private Policy
2026-06-28 12:28:51,us-east-1,S3 Bucket,heal-test-bucket,SECURED,Enforced Private Policy
2026-06-28 12:28:51,us-east-1,Network Firewall,vulnerable-corp-firewall,SECURED,Isolated exposed ports
2026-06-28 12:28:51,us-west-2,S3 Bucket,heal-test-bucket,SECURED,Enforced Private Policy
2026-06-28 12:28:51,eu-west-1,S3 Bucket,heal-test-bucket,SECURED,Enforced Private Policy
2026-06-28 12:28:52,ap-southeast-1,S3 Bucket,heal-test-bucket,SECURED,Enforced Private Policy
2026-06-28 12:29:52,us-east-1,S3 Bucket,heal-test-bucket,SECURED,Enforced Private Policy
2026-06-28 12:29:52,us-east-1,Network Firewall,vulnerable-corp-firewall,SECURED,Isolated exposed ports
2026-06-28 12:29:52,us-west-2,S3 Bucket,heal-test-bucket,SECURED,Enforced Private Policy
2026-06-28 12:29:52,eu-west-1,S3 Bucket,heal-test-bucket,SECURED,Enforced Private Policy
2026-06-28 12:29:52,ap-southeast-1,S3 Bucket,heal-test-bucket,SECURED,Enforced Private Policy
2026-06-28 12:30:52,us-east-1,S3 Bucket,heal-test-bucket,SECURED,Enforced Private Policy
2026-06-28 12:30:52,us-east-1,Network Firewall,vulnerable-corp-firewall,SECURED,Isolated exposed ports
2026-06-28 12:30:53,us-west-2,S3 Bucket,heal-test-bucket,SECURED,Enforced Private Policy
2026-06-28 12:30:53,eu-west-1,S3 Bucket,heal-test-bucket,SECURED,Enforced Private Policy
2026-06-28 12:30:53,ap-southeast-1,S3 Bucket,heal-test-bucket,SECURED,Enforced Private Policy
2026-06-28 12:31:53,us-east-1,S3 Bucket,heal-test-bucket,SECURED,Enforced Private Policy
2026-06-28 12:31:53,us-east-1,Network Firewall,vulnerable-corp-firewall,SECURED,Isolated exposed ports
2026-06-28 12:31:53,us-west-2,S3 Bucket,heal-test-bucket,SECURED,Enforced Private Policy
2026-06-28 12:31:53,eu-west-1,S3 Bucket,heal-test-bucket,SECURED,Enforced Private Policy
2026-06-28 12:31:54,ap-southeast-1,S3 Bucket,heal-test-bucket,SECURED,Enforced Private Policy
2026-06-28 12:32:54,us-east-1,S3 Bucket,heal-test-bucket,SECURED,Enforced Private Policy
2026-06-28 12:32:54,us-east-1,Network Firewall,vulnerable-corp-firewall,SECURED,Isolated exposed ports
2026-06-28 12:32:54,us-west-2,S3 Bucket,heal-test-bucket,SECURED,Enforced Private Policy
2026-06-28 12:32:54,eu-west-1,S3 Bucket,heal-test-bucket,SECURED,Enforced Private Policy
2026-06-28 12:32:54,ap-southeast-1,S3 Bucket,heal-test-bucket,SECURED,Enforced Private Policy
2026-06-28 12:33:55,us-east-1,S3 Bucket,heal-test-bucket,SECURED,Enforced Private Policy
2026-06-28 12:33:55,us-east-1,Network Firewall,vulnerable-corp-firewall,SECURED,Isolated exposed ports
2026-06-28 12:33:55,us-west-2,S3 Bucket,heal-test-bucket,SECURED,Enforced Private Policy
2026-06-28 12:33:55,eu-west-1,S3 Bucket,heal-test-bucket,SECURED,Enforced Private Policy
2026-06-28 12:33:56,ap-southeast-1,S3 Bucket,heal-test-bucket,SECURED,Enforced Private Policy
2026-06-28 12:34:56,us-east-1,S3 Bucket,heal-test-bucket,SECURED,Enforced Private Policy
2026-06-28 12:34:56,us-east-1,Network Firewall,vulnerable-corp-firewall,SECURED,Isolated exposed ports
2026-06-28 12:34:56,us-west-2,S3 Bucket,heal-test-bucket,SECURED,Enforced Private Policy
2026-06-28 12:34:56,eu-west-1,S3 Bucket,heal-test-bucket,SECURED,Enforced Private Policy
2026-06-28 12:34:56,ap-southeast-1,S3 Bucket,heal-test-bucket,SECURED,Enforced Private Policy
2026-06-28 12:35:57,us-east-1,S3 Bucket,heal-test-bucket,SECURED,Enforced Private Policy
2026-06-28 12:35:57,us-east-1,Network Firewall,vulnerable-corp-firewall,SECURED,Isolated exposed ports
2026-06-28 12:35:57,us-west-2,S3 Bucket,heal-test-bucket,SECURED,Enforced Private Policy
2026-06-28 12:35:57,eu-west-1,S3 Bucket,heal-test-bucket,SECURED,Enforced Private Policy
2026-06-28 12:35:57,ap-southeast-1,S3 Bucket,heal-test-bucket,SECURED,Enforced Private Policy
2026-06-28 12:36:57,us-east-1,S3 Bucket,heal-test-bucket,SECURED,Enforced Private Policy
2026-06-28 12:36:57,us-east-1,Network Firewall,vulnerable-corp-firewall,SECURED,Isolated exposed ports
2026-06-28 12:36:57,us-west-2,S3 Bucket,heal-test-bucket,SECURED,Enforced Private Policy
2026-06-28 12:36:58,eu-west-1,S3 Bucket,heal-test-bucket,SECURED,Enforced Private Policy
2026-06-28 12:36:58,ap-southeast-1,S3 Bucket,heal-test-bucket,SECURED,Enforced Private Policy
2026-06-28 12:37:58,us-east-1,S3 Bucket,heal-test-bucket,SECURED,Enforced Private Policy
2026-06-28 12:37:58,us-east-1,Network Firewall,vulnerable-corp-firewall,SECURED,Isolated exposed ports
2026-06-28 12:37:58,us-west-2,S3 Bucket,heal-test-bucket,SECURED,Enforced Private Policy
2026-06-28 12:37:58,eu-west-1,S3 Bucket,heal-test-bucket,SECURED,Enforced Private Policy
2026-06-28 12:37:58,ap-southeast-1,S3 Bucket,heal-test-bucket,SECURED,Enforced Private Policy
2026-06-28 12:38:59,us-east-1,S3 Bucket,heal-test-bucket,SECURED,Enforced Private Policy
2026-06-28 12:38:59,us-east-1,Network Firewall,vulnerable-corp-firewall,SECURED,Isolated exposed ports
2026-06-28 12:38:59,us-west-2,S3 Bucket,heal-test-bucket,SECURED,Enforced Private Policy
2026-06-28 12:38:59,eu-west-1,S3 Bucket,heal-test-bucket,SECURED,Enforced Private Policy
2026-06-28 12:38:59,ap-southeast-1,S3 Bucket,heal-test-bucket,SECURED,Enforced Private Policy
2026-06-28 12:39:59,us-east-1,S3 Bucket,heal-test-bucket,SECURED,Enforced Private Policy
2026-06-28 12:39:59,us-east-1,Network Firewall,vulnerable-corp-firewall,SECURED,Isolated exposed ports
2026-06-28 12:39:59,us-west-2,S3 Bucket,heal-test-bucket,SECURED,Enforced Private Policy
2026-06-28 12:40:00,eu-west-1,S3 Bucket,heal-test-bucket,SECURED,Enforced Private Policy
2026-06-28 12:40:00,ap-southeast-1,S3 Bucket,heal-test-bucket,SECURED,Enforced Private Policy
2026-06-28 12:41:00,us-east-1,S3 Bucket,heal-test-bucket,SECURED,Enforced Private Policy
2026-06-28 12:41:00,us-east-1,Network Firewall,vulnerable-corp-firewall,SECURED,Isolated exposed ports
2026-06-28 12:41:01,us-west-2,S3 Bucket,heal-test-bucket,SECURED,Enforced Private Policy
2026-06-28 12:41:01,eu-west-1,S3 Bucket,heal-test-bucket,SECURED,Enforced Private Policy
2026-06-28 12:41:01,ap-southeast-1,S3 Bucket,heal-test-bucket,SECURED,Enforced Private Policy
2026-06-28 12:42:01,us-east-1,S3 Bucket,heal-test-bucket,SECURED,Enforced Private Policy
2026-06-28 12:42:01,us-east-1,Network Firewall,vulnerable-corp-firewall,SECURED,Isolated exposed ports
2026-06-28 12:42:01,us-west-2,S3 Bucket,heal-test-bucket,SECURED,Enforced Private Policy
2026-06-28 12:42:01,eu-west-1,S3 Bucket,heal-test-bucket,SECURED,Enforced Private Policy
2026-06-28 12:42:01,ap-southeast-1,S3 Bucket,heal-test-bucket,SECURED,Enforced Private Policy
2026-06-28 12:43:01,us-east-1,S3 Bucket,heal-test-bucket,SECURED,Enforced Private Policy
2026-06-28 12:43:01,us-east-1,Network Firewall,vulnerable-corp-firewall,SECURED,Isolated exposed ports
2026-06-28 12:43:02,us-west-2,S3 Bucket,heal-test-bucket,SECURED,Enforced Private Policy
2026-06-28 12:43:02,eu-west-1,S3 Bucket,heal-test-bucket,SECURED,Enforced Private Policy
2026-06-28 12:43:02,ap-southeast-1,S3 Bucket,heal-test-bucket,SECURED,Enforced Private Policy
2026-06-28 12:44:02,us-east-1,S3 Bucket,heal-test-bucket,SECURED,Enforced Private Policy
2026-06-28 12:44:02,us-east-1,Network Firewall,vulnerable-corp-firewall,SECURED,Isolated exposed ports
2026-06-28 12:44:02,us-west-2,S3 Bucket,heal-test-bucket,SECURED,Enforced Private Policy
2026-06-28 12:44:02,eu-west-1,S3 Bucket,heal-test-bucket,SECURED,Enforced Private Policy
2026-06-28 12:44:02,ap-southeast-1,S3 Bucket,heal-test-bucket,SECURED,Enforced Private Policy
2026-06-28 12:45:02,us-east-1,S3 Bucket,heal-test-bucket,SECURED,Enforced Private Policy
2026-06-28 12:45:02,us-east-1,Network Firewall,vulnerable-corp-firewall,SECURED,Isolated exposed ports
2026-06-28 12:45:03,us-west-2,S3 Bucket,heal-test-bucket,SECURED,Enforced Private Policy
2026-06-28 12:45:03,eu-west-1,S3 Bucket,heal-test-bucket,SECURED,Enforced Private Policy
2026-06-28 12:45:03,ap-southeast-1,S3 Bucket,heal-test-bucket,SECURED,Enforced Private Policy
2026-06-28 12:46:03,us-east-1,S3 Bucket,heal-test-bucket,SECURED,Enforced Private Policy
2026-06-28 12:46:03,us-east-1,Network Firewall,vulnerable-corp-firewall,SECURED,Isolated exposed ports
2026-06-28 12:46:03,us-west-2,S3 Bucket,heal-test-bucket,SECURED,Enforced Private Policy
2026-06-28 12:46:03,eu-west-1,S3 Bucket,heal-test-bucket,SECURED,Enforced Private Policy
2026-06-28 12:46:03,ap-southeast-1,S3 Bucket,heal-test-bucket,SECURED,Enforced Private Policy
2026-06-28 12:47:03,us-east-1,S3 Bucket,heal-test-bucket,SECURED,Enforced Private Policy
2026-06-28 12:47:03,us-east-1,Network Firewall,vulnerable-corp-firewall,SECURED,Isolated exposed ports
2026-06-28 12:47:04,us-west-2,S3 Bucket,heal-test-bucket,SECURED,Enforced Private Policy
2026-06-28 12:47:04,eu-west-1,S3 Bucket,heal-test-bucket,SECURED,Enforced Private Policy
2026-06-28 12:47:04,ap-southeast-1,S3 Bucket,heal-test-bucket,SECURED,Enforced Private Policy
2026-06-28 12:48:04,us-east-1,S3 Bucket,heal-test-bucket,SECURED,Enforced Private Policy
2026-06-28 12:48:04,us-east-1,Network Firewall,vulnerable-corp-firewall,SECURED,Isolated exposed ports
2026-06-28 12:48:04,us-west-2,S3 Bucket,heal-test-bucket,SECURED,Enforced Private Policy
2026-06-28 12:48:04,eu-west-1,S3 Bucket,heal-test-bucket,SECURED,Enforced Private Policy
2026-06-28 12:48:04,ap-southeast-1,S3 Bucket,heal-test-bucket,SECURED,Enforced Private Policy
2026-06-28 12:49:04,us-east-1,S3 Bucket,heal-test-bucket,SECURED,Enforced Private Policy
2026-06-28 12:49:04,us-east-1,Network Firewall,vulnerable-corp-firewall,SECURED,Isolated exposed ports
2026-06-28 12:49:05,us-west-2,S3 Bucket,heal-test-bucket,SECURED,Enforced Private Policy
2026-06-28 12:49:05,eu-west-1,S3 Bucket,heal-test-bucket,SECURED,Enforced Private Policy
2026-06-28 12:49:05,ap-southeast-1,S3 Bucket,heal-test-bucket,SECURED,Enforced Private Policy
2026-06-28 12:50:05,us-east-1,S3 Bucket,heal-test-bucket,SECURED,Enforced Private Policy
2026-06-28 12:50:05,us-east-1,Network Firewall,vulnerable-corp-firewall,SECURED,Isolated exposed ports
2026-06-28 12:50:05,us-west-2,S3 Bucket,heal-test-bucket,SECURED,Enforced Private Policy
2026-06-28 12:50:05,eu-west-1,S3 Bucket,heal-test-bucket,SECURED,Enforced Private Policy
2026-06-28 12:50:05,ap-southeast-1,S3 Bucket,heal-test-bucket,SECURED,Enforced Private Policy
2026-06-28 12:51:05,us-east-1,S3 Bucket,heal-test-bucket,SECURED,Enforced Private Policy
2026-06-28 12:51:05,us-east-1,Network Firewall,vulnerable-corp-firewall,SECURED,Isolated exposed ports
2026-06-28 12:51:06,us-west-2,S3 Bucket,heal-test-bucket,SECURED,Enforced Private Policy
2026-06-28 12:51:06,eu-west-1,S3 Bucket,heal-test-bucket,SECURED,Enforced Private Policy
2026-06-28 12:51:06,ap-southeast-1,S3 Bucket,heal-test-bucket,SECURED,Enforced Private Policy
2026-06-28 12:52:06,us-east-1,S3 Bucket,heal-test-bucket,SECURED,Enforced Private Policy
2026-06-28 12:52:06,us-east-1,Network Firewall,vulnerable-corp-firewall,SECURED,Isolated exposed ports
2026-06-28 12:52:06,us-west-2,S3 Bucket,heal-test-bucket,SECURED,Enforced Private Policy
2026-06-28 12:52:06,eu-west-1,S3 Bucket,heal-test-bucket,SECURED,Enforced Private Policy
2026-06-28 12:52:06,ap-southeast-1,S3 Bucket,heal-test-bucket,SECURED,Enforced Private Policy
2026-06-28 12:53:06,us-east-1,S3 Bucket,heal-test-bucket,SECURED,Enforced Private Policy
2026-06-28 12:53:06,us-east-1,Network Firewall,vulnerable-corp-firewall,SECURED,Isolated exposed ports
2026-06-28 12:53:06,us-west-2,S3 Bucket,heal-test-bucket,SECURED,Enforced Private Policy
2026-06-28 12:53:07,eu-west-1,S3 Bucket,heal-test-bucket,SECURED,Enforced Private Policy
2026-06-28 12:53:07,ap-southeast-1,S3 Bucket,heal-test-bucket,SECURED,Enforced Private Policy
2026-06-28 12:54:07,us-east-1,S3 Bucket,heal-test-bucket,SECURED,Enforced Private Policy
2026-06-28 12:54:07,us-east-1,Network Firewall,vulnerable-corp-firewall,SECURED,Isolated exposed ports
2026-06-28 12:54:07,us-west-2,S3 Bucket,heal-test-bucket,SECURED,Enforced Private Policy
2026-06-28 12:54:07,eu-west-1,S3 Bucket,heal-test-bucket,SECURED,Enforced Private Policy
2026-06-28 12:54:07,ap-southeast-1,S3 Bucket,heal-test-bucket,SECURED,Enforced Private Policy
2026-06-28 12:55:07,us-east-1,S3 Bucket,heal-test-bucket,SECURED,Enforced Private Policy
2026-06-28 12:55:07,us-east-1,Network Firewall,vulnerable-corp-firewall,SECURED,Isolated exposed ports
2026-06-28 12:55:08,us-west-2,S3 Bucket,heal-test-bucket,SECURED,Enforced Private Policy
2026-06-28 12:55:08,eu-west-1,S3 Bucket,heal-test-bucket,SECURED,Enforced Private Policy
2026-06-28 12:55:08,ap-southeast-1,S3 Bucket,heal-test-bucket,SECURED,Enforced Private Policy
2026-06-28 12:56:08,us-east-1,S3 Bucket,heal-test-bucket,SECURED,Enforced Private Policy
2026-06-28 12:56:08,us-east-1,Network Firewall,vulnerable-corp-firewall,SECURED,Isolated exposed ports
2026-06-28 12:56:08,us-west-2,S3 Bucket,heal-test-bucket,SECURED,Enforced Private Policy
2026-06-28 12:56:08,eu-west-1,S3 Bucket,heal-test-bucket,SECURED,Enforced Private Policy
2026-06-28 12:56:08,ap-southeast-1,S3 Bucket,heal-test-bucket,SECURED,Enforced Private Policy
2026-06-28 12:57:08,us-east-1,S3 Bucket,heal-test-bucket,SECURED,Enforced Private Policy
2026-06-28 12:57:08,us-east-1,Network Firewall,vulnerable-corp-firewall,SECURED,Isolated exposed ports
2026-06-28 12:57:09,us-west-2,S3 Bucket,heal-test-bucket,SECURED,Enforced Private Policy
2026-06-28 12:57:09,eu-west-1,S3 Bucket,heal-test-bucket,SECURED,Enforced Private Policy
2026-06-28 12:57:09,ap-southeast-1,S3 Bucket,heal-test-bucket,SECURED,Enforced Private Policy
2026-06-28 12:58:09,us-east-1,S3 Bucket,heal-test-bucket,SECURED,Enforced Private Policy
2026-06-28 12:58:09,us-east-1,Network Firewall,vulnerable-corp-firewall,SECURED,Isolated exposed ports
2026-06-28 12:58:09,us-west-2,S3 Bucket,heal-test-bucket,SECURED,Enforced Private Policy
2026-06-28 12:58:09,eu-west-1,S3 Bucket,heal-test-bucket,SECURED,Enforced Private Policy
2026-06-28 12:58:09,ap-southeast-1,S3 Bucket,heal-test-bucket,SECURED,Enforced Private Policy
2026-06-28 12:59:09,us-east-1,S3 Bucket,heal-test-bucket,SECURED,Enforced Private Policy
2026-06-28 12:59:09,us-east-1,Network Firewall,vulnerable-corp-firewall,SECURED,Isolated exposed ports
2026-06-28 12:59:09,us-west-2,S3 Bucket,heal-test-bucket,SECURED,Enforced Private Policy
2026-06-28 12:59:10,eu-west-1,S3 Bucket,heal-test-bucket,SECURED,Enforced Private Policy
2026-06-28 12:59:10,ap-southeast-1,S3 Bucket,heal-test-bucket,SECURED,Enforced Private Policy
2026-06-28 13:00:10,us-east-1,S3 Bucket,heal-test-bucket,SECURED,Enforced Private Policy
2026-06-28 13:00:10,us-east-1,Network Firewall,vulnerable-corp-firewall,SECURED,Isolated exposed ports
2026-06-28 13:00:10,us-west-2,S3 Bucket,heal-test-bucket,SECURED,Enforced Private Policy
2026-06-28 13:00:10,eu-west-1,S3 Bucket,heal-test-bucket,SECURED,Enforced Private Policy
2026-06-28 13:00:10,ap-southeast-1,S3 Bucket,heal-test-bucket,SECURED,Enforced Private Policy
2026-06-28 13:01:10,us-east-1,S3 Bucket,heal-test-bucket,SECURED,Enforced Private Policy
2026-06-28 13:01:10,us-east-1,Network Firewall,vulnerable-corp-firewall,SECURED,Isolated exposed ports
2026-06-28 13:01:11,us-west-2,S3 Bucket,heal-test-bucket,SECURED,Enforced Private Policy
2026-06-28 13:01:11,eu-west-1,S3 Bucket,heal-test-bucket,SECURED,Enforced Private Policy
2026-06-28 13:01:11,ap-southeast-1,S3 Bucket,heal-test-bucket,SECURED,Enforced Private Policy
2026-06-28 13:02:11,us-east-1,S3 Bucket,heal-test-bucket,SECURED,Enforced Private Policy
2026-06-28 13:02:11,us-east-1,Network Firewall,vulnerable-corp-firewall,SECURED,Isolated exposed ports
2026-06-28 13:02:11,us-west-2,S3 Bucket,heal-test-bucket,SECURED,Enforced Private Policy
2026-06-28 13:02:11,eu-west-1,S3 Bucket,heal-test-bucket,SECURED,Enforced Private Policy
2026-06-28 13:02:12,ap-southeast-1,S3 Bucket,heal-test-bucket,SECURED,Enforced Private Policy
2026-06-28 13:03:12,us-east-1,S3 Bucket,heal-test-bucket,SECURED,Enforced Private Policy
2026-06-28 13:03:12,us-east-1,Network Firewall,vulnerable-corp-firewall,SECURED,Isolated exposed ports
2026-06-28 13:03:12,us-west-2,S3 Bucket,heal-test-bucket,SECURED,Enforced Private Policy
2026-06-28 13:03:12,eu-west-1,S3 Bucket,heal-test-bucket,SECURED,Enforced Private Policy
2026-06-28 13:03:12,ap-southeast-1,S3 Bucket,heal-test-bucket,SECURED,Enforced Private Policy
2026-06-28 13:05:39,us-east-1,S3 Bucket,heal-test-bucket,SECURED,Enforced Private Policy
2026-06-28 13:05:39,us-east-1,Network Firewall,vulnerable-corp-firewall,SECURED,Isolated exposed ports
2026-06-28 13:05:40,us-west-2,S3 Bucket,heal-test-bucket,SECURED,Enforced Private Policy
2026-06-28 13:05:40,eu-west-1,S3 Bucket,heal-test-bucket,SECURED,Enforced Private Policy
2026-06-28 13:05:40,ap-southeast-1,S3 Bucket,heal-test-bucket,SECURED,Enforced Private Policy
2026-06-28 13:06:40,us-east-1,S3 Bucket,heal-test-bucket,SECURED,Enforced Private Policy
2026-06-28 13:06:40,us-east-1,Network Firewall,vulnerable-corp-firewall,SECURED,Isolated exposed ports
2026-06-28 13:06:40,us-west-2,S3 Bucket,heal-test-bucket,SECURED,Enforced Private Policy
2026-06-28 13:06:40,eu-west-1,S3 Bucket,heal-test-bucket,SECURED,Enforced Private Policy
2026-06-28 13:06:41,ap-southeast-1,S3 Bucket,heal-test-bucket,SECURED,Enforced Private Policy
2026-06-28 13:07:41,us-east-1,S3 Bucket,heal-test-bucket,SECURED,Enforced Private Policy
2026-06-28 13:07:41,us-east-1,Network Firewall,vulnerable-corp-firewall,SECURED,Isolated exposed ports
2026-06-28 13:07:41,us-west-2,S3 Bucket,heal-test-bucket,SECURED,Enforced Private Policy
2026-06-28 13:07:41,eu-west-1,S3 Bucket,heal-test-bucket,SECURED,Enforced Private Policy
2026-06-28 13:07:41,ap-southeast-1,S3 Bucket,heal-test-bucket,SECURED,Enforced Private Policy
2026-06-28 13:08:41,us-east-1,S3 Bucket,heal-test-bucket,SECURED,Enforced Private Policy
2026-06-28 13:08:41,us-east-1,Network Firewall,vulnerable-corp-firewall,SECURED,Isolated exposed ports
2026-06-28 13:08:41,us-west-2,S3 Bucket,heal-test-bucket,SECURED,Enforced Private Policy
2026-06-28 13:08:41,eu-west-1,S3 Bucket,heal-test-bucket,SECURED,Enforced Private Policy
2026-06-28 13:08:41,ap-southeast-1,S3 Bucket,heal-test-bucket,SECURED,Enforced Private Policy
2026-06-28 13:09:09,us-east-1,S3 Bucket,heal-test-bucket,SECURED,Enforced Private Policy
2026-06-28 13:09:09,us-east-1,Network Firewall,vulnerable-corp-firewall,SECURED,Isolated exposed ports
2026-06-28 13:09:09,us-west-2,S3 Bucket,heal-test-bucket,SECURED,Enforced Private Policy
2026-06-28 13:09:09,eu-west-1,S3 Bucket,heal-test-bucket,SECURED,Enforced Private Policy
2026-06-28 13:09:10,ap-southeast-1,S3 Bucket,heal-test-bucket,SECURED,Enforced Private Policy
2026-06-28 13:10:10,us-east-1,S3 Bucket,heal-test-bucket,SECURED,Enforced Private Policy
2026-06-28 13:10:10,us-east-1,Network Firewall,vulnerable-corp-firewall,SECURED,Isolated exposed ports
2026-06-28 13:10:10,us-west-2,S3 Bucket,heal-test-bucket,SECURED,Enforced Private Policy
2026-06-28 13:10:10,eu-west-1,S3 Bucket,heal-test-bucket,SECURED,Enforced Private Policy
2026-06-28 13:10:10,ap-southeast-1,S3 Bucket,heal-test-bucket,SECURED,Enforced Private Policy
2026-06-28 13:11:50,us-east-1,S3 Bucket,heal-test-bucket,SECURED,Enforced Private Policy
2026-06-28 13:11:50,us-east-1,Network Firewall,vulnerable-corp-firewall,SECURED,Isolated exposed ports
2026-06-28 13:11:50,us-west-2,S3 Bucket,heal-test-bucket,SECURED,Enforced Private Policy
2026-06-28 13:11:50,eu-west-1,S3 Bucket,heal-test-bucket,SECURED,Enforced Private Policy
2026-06-28 13:11:50,ap-southeast-1,S3 Bucket,heal-test-bucket,SECURED,Enforced Private Policy
2026-06-28 13:12:50,us-east-1,S3 Bucket,heal-test-bucket,SECURED,Enforced Private Policy
2026-06-28 13:12:50,us-east-1,Network Firewall,vulnerable-corp-firewall,SECURED,Isolated exposed ports
2026-06-28 13:12:51,us-west-2,S3 Bucket,heal-test-bucket,SECURED,Enforced Private Policy
2026-06-28 13:12:51,eu-west-1,S3 Bucket,heal-test-bucket,SECURED,Enforced Private Policy
2026-06-28 13:12:51,ap-southeast-1,S3 Bucket,heal-test-bucket,SECURED,Enforced Private Policy
2026-06-28 13:17:06,us-east-1,S3 Bucket,heal-test-bucket,SECURED,Enforced Private Policy
2026-06-28 13:17:06,us-east-1,Network Firewall,vulnerable-corp-firewall,SECURED,Isolated exposed ports
2026-06-28 13:17:13,us-west-2,S3 Bucket,heal-test-bucket,SECURED,Enforced Private Policy
2026-06-28 13:17:14,eu-west-1,S3 Bucket,heal-test-bucket,SECURED,Enforced Private Policy
2026-06-28 13:17:15,ap-southeast-1,S3 Bucket,heal-test-bucket,SECURED,Enforced Private Policy
2026-06-28 13:18:16,us-east-1,S3 Bucket,heal-test-bucket,SECURED,Enforced Private Policy
2026-06-28 13:18:16,us-east-1,Network Firewall,vulnerable-corp-firewall,SECURED,Isolated exposed ports
2026-06-28 13:18:18,us-west-2,S3 Bucket,heal-test-bucket,SECURED,Enforced Private Policy
2026-06-28 13:18:19,eu-west-1,S3 Bucket,heal-test-bucket,SECURED,Enforced Private Policy
2026-06-28 13:18:20,ap-southeast-1,S3 Bucket,heal-test-bucket,SECURED,Enforced Private Policy
2026-06-28 13:19:21,us-east-1,S3 Bucket,heal-test-bucket,SECURED,Enforced Private Policy
2026-06-28 13:19:21,us-east-1,Network Firewall,vulnerable-corp-firewall,SECURED,Isolated exposed ports
2026-06-28 13:19:23,us-west-2,S3 Bucket,heal-test-bucket,SECURED,Enforced Private Policy
2026-06-28 13:19:24,eu-west-1,S3 Bucket,heal-test-bucket,SECURED,Enforced Private Policy
2026-06-28 13:19:25,ap-southeast-1,S3 Bucket,heal-test-bucket,SECURED,Enforced Private Policy
2026-06-28 13:20:26,us-east-1,S3 Bucket,heal-test-bucket,SECURED,Enforced Private Policy
2026-06-28 13:20:26,us-east-1,Network Firewall,vulnerable-corp-firewall,SECURED,Isolated exposed ports
2026-06-28 13:20:28,us-west-2,S3 Bucket,heal-test-bucket,SECURED,Enforced Private Policy
2026-06-28 13:20:29,eu-west-1,S3 Bucket,heal-test-bucket,SECURED,Enforced Private Policy
2026-06-28 13:20:30,ap-southeast-1,S3 Bucket,heal-test-bucket,SECURED,Enforced Private Policy
2026-06-28 13:21:31,us-east-1,S3 Bucket,heal-test-bucket,SECURED,Enforced Private Policy
2026-06-28 13:21:31,us-east-1,Network Firewall,vulnerable-corp-firewall,SECURED,Isolated exposed ports
2026-06-28 13:21:33,us-west-2,S3 Bucket,heal-test-bucket,SECURED,Enforced Private Policy
2026-06-28 13:21:34,eu-west-1,S3 Bucket,heal-test-bucket,SECURED,Enforced Private Policy
2026-06-28 13:21:35,ap-southeast-1,S3 Bucket,heal-test-bucket,SECURED,Enforced Private Policy
2026-06-28 13:22:37,us-east-1,S3 Bucket,heal-test-bucket,SECURED,Enforced Private Policy
2026-06-28 13:22:37,us-east-1,Network Firewall,vulnerable-corp-firewall,SECURED,Isolated exposed ports
2026-06-28 13:22:39,us-west-2,S3 Bucket,heal-test-bucket,SECURED,Enforced Private Policy
2026-06-28 13:22:40,eu-west-1,S3 Bucket,heal-test-bucket,SECURED,Enforced Private Policy
2026-06-28 13:22:42,ap-southeast-1,S3 Bucket,heal-test-bucket,SECURED,Enforced Private Policy
2026-06-28 13:23:43,us-east-1,S3 Bucket,heal-test-bucket,SECURED,Enforced Private Policy
2026-06-28 13:23:43,us-east-1,Network Firewall,vulnerable-corp-firewall,SECURED,Isolated exposed ports
2026-06-28 13:23:45,us-west-2,S3 Bucket,heal-test-bucket,SECURED,Enforced Private Policy
2026-06-28 13:23:46,eu-west-1,S3 Bucket,heal-test-bucket,SECURED,Enforced Private Policy
2026-06-28 13:23:47,ap-southeast-1,S3 Bucket,heal-test-bucket,SECURED,Enforced Private Policy
2026-06-28 13:24:49,us-east-1,S3 Bucket,heal-test-bucket,SECURED,Enforced Private Policy
2026-06-28 13:24:49,us-east-1,Network Firewall,vulnerable-corp-firewall,SECURED,Isolated exposed ports
2026-06-28 13:24:50,us-west-2,S3 Bucket,heal-test-bucket,SECURED,Enforced Private Policy
2026-06-28 13:24:51,eu-west-1,S3 Bucket,heal-test-bucket,SECURED,Enforced Private Policy
2026-06-28 13:24:52,ap-southeast-1,S3 Bucket,heal-test-bucket,SECURED,Enforced Private Policy
2026-06-29 15:10:50,us-east-1,S3 Bucket,heal-test-bucket,SECURED,Enforced Private Policy
2026-06-29 15:10:50,us-east-1,Network Firewall,vulnerable-corp-firewall,SECURED,Isolated exposed ports
2026-06-29 15:10:53,us-west-2,S3 Bucket,heal-test-bucket,SECURED,Enforced Private Policy
2026-06-29 15:10:53,eu-west-1,S3 Bucket,heal-test-bucket,SECURED,Enforced Private Policy
2026-06-29 15:10:54,ap-southeast-1,S3 Bucket,heal-test-bucket,SECURED,Enforced Private Policy
2026-06-29 15:11:55,us-east-1,S3 Bucket,heal-test-bucket,SECURED,Enforced Private Policy
2026-06-29 15:11:55,us-east-1,Network Firewall,vulnerable-corp-firewall,SECURED,Isolated exposed ports
2026-06-29 15:11:56,us-west-2,S3 Bucket,heal-test-bucket,SECURED,Enforced Private Policy
2026-06-29 15:11:57,eu-west-1,S3 Bucket,heal-test-bucket,SECURED,Enforced Private Policy
2026-06-29 15:11:57,ap-southeast-1,S3 Bucket,heal-test-bucket,SECURED,Enforced Private Policy
2026-06-29 15:12:58,us-east-1,S3 Bucket,heal-test-bucket,SECURED,Enforced Private Policy
2026-06-29 15:12:58,us-east-1,Network Firewall,vulnerable-corp-firewall,SECURED,Isolated exposed ports
2026-06-29 15:12:59,us-west-2,S3 Bucket,heal-test-bucket,SECURED,Enforced Private Policy
2026-06-29 15:13:00,eu-west-1,S3 Bucket,heal-test-bucket,SECURED,Enforced Private Policy
2026-06-29 15:13:00,ap-southeast-1,S3 Bucket,heal-test-bucket,SECURED,Enforced Private Policy
2026-06-29 15:14:01,us-east-1,S3 Bucket,heal-test-bucket,SECURED,Enforced Private Policy
2026-06-29 15:14:01,us-east-1,Network Firewall,vulnerable-corp-firewall,SECURED,Isolated exposed ports
2026-06-29 15:14:03,us-west-2,S3 Bucket,heal-test-bucket,SECURED,Enforced Private Policy
2026-06-29 15:14:04,eu-west-1,S3 Bucket,heal-test-bucket,SECURED,Enforced Private Policy
2026-06-29 15:14:05,ap-southeast-1,S3 Bucket,heal-test-bucket,SECURED,Enforced Private Policy
2026-06-29 15:15:06,us-east-1,S3 Bucket,heal-test-bucket,SECURED,Enforced Private Policy
2026-06-29 15:15:06,us-east-1,Network Firewall,vulnerable-corp-firewall,SECURED,Isolated exposed ports
2026-06-29 15:15:08,us-west-2,S3 Bucket,heal-test-bucket,SECURED,Enforced Private Policy
2026-06-29 15:15:09,eu-west-1,S3 Bucket,heal-test-bucket,SECURED,Enforced Private Policy
2026-06-29 15:15:09,ap-southeast-1,S3 Bucket,heal-test-bucket,SECURED,Enforced Private Policy
2026-06-29 15:16:11,us-east-1,S3 Bucket,heal-test-bucket,SECURED,Enforced Private Policy
2026-06-29 15:16:11,us-east-1,Network Firewall,vulnerable-corp-firewall,SECURED,Isolated exposed ports
2026-06-29 15:16:12,us-west-2,S3 Bucket,heal-test-bucket,SECURED,Enforced Private Policy
2026-06-29 15:16:13,eu-west-1,S3 Bucket,heal-test-bucket,SECURED,Enforced Private Policy
2026-06-29 15:16:13,ap-southeast-1,S3 Bucket,heal-test-bucket,SECURED,Enforced Private Policy
2026-06-29 15:17:14,us-east-1,S3 Bucket,heal-test-bucket,SECURED,Enforced Private Policy
2026-06-29 15:17:14,us-east-1,Network Firewall,vulnerable-corp-firewall,SECURED,Isolated exposed ports
2026-06-29 15:17:15,us-west-2,S3 Bucket,heal-test-bucket,SECURED,Enforced Private Policy
2026-06-29 15:17:16,eu-west-1,S3 Bucket,heal-test-bucket,SECURED,Enforced Private Policy
2026-06-29 15:17:17,ap-southeast-1,S3 Bucket,heal-test-bucket,SECURED,Enforced Private Policy
2026-06-29 15:18:17,us-east-1,S3 Bucket,heal-test-bucket,SECURED,Enforced Private Policy
2026-06-29 15:18:17,us-east-1,Network Firewall,vulnerable-corp-firewall,SECURED,Isolated exposed ports
2026-06-29 15:18:19,us-west-2,S3 Bucket,heal-test-bucket,SECURED,Enforced Private Policy
2026-06-29 15:18:20,eu-west-1,S3 Bucket,heal-test-bucket,SECURED,Enforced Private Policy
2026-06-29 15:18:21,ap-southeast-1,S3 Bucket,heal-test-bucket,SECURED,Enforced Private Policy
2026-06-29 15:19:21,us-east-1,S3 Bucket,heal-test-bucket,SECURED,Enforced Private Policy
2026-06-29 15:19:21,us-east-1,Network Firewall,vulnerable-corp-firewall,SECURED,Isolated exposed ports
2026-06-29 15:19:23,us-west-2,S3 Bucket,heal-test-bucket,SECURED,Enforced Private Policy
2026-06-29 15:19:23,eu-west-1,S3 Bucket,heal-test-bucket,SECURED,Enforced Private Policy
2026-06-29 15:19:24,ap-southeast-1,S3 Bucket,heal-test-bucket,SECURED,Enforced Private Policy
2026-06-29 15:20:25,us-east-1,S3 Bucket,heal-test-bucket,SECURED,Enforced Private Policy
2026-06-29 15:20:25,us-east-1,Network Firewall,vulnerable-corp-firewall,SECURED,Isolated exposed ports
2026-06-29 15:20:26,us-west-2,S3 Bucket,heal-test-bucket,SECURED,Enforced Private Policy
2026-06-29 15:20:27,eu-west-1,S3 Bucket,heal-test-bucket,SECURED,Enforced Private Policy
2026-06-29 15:20:28,ap-southeast-1,S3 Bucket,heal-test-bucket,SECURED,Enforced Private Policy
2026-06-29 15:21:28,us-east-1,S3 Bucket,heal-test-bucket,SECURED,Enforced Private Policy
2026-06-29 15:21:28,us-east-1,Network Firewall,vulnerable-corp-firewall,SECURED,Isolated exposed ports
2026-06-29 15:21:29,us-west-2,S3 Bucket,heal-test-bucket,SECURED,Enforced Private Policy
2026-06-29 15:21:30,eu-west-1,S3 Bucket,heal-test-bucket,SECURED,Enforced Private Policy
2026-06-29 15:21:31,ap-southeast-1,S3 Bucket,heal-test-bucket,SECURED,Enforced Private Policy
2026-06-29 15:22:32,us-east-1,S3 Bucket,heal-test-bucket,SECURED,Enforced Private Policy
2026-06-29 15:22:32,us-east-1,Network Firewall,vulnerable-corp-firewall,SECURED,Isolated exposed ports
2026-06-29 15:22:33,us-west-2,S3 Bucket,heal-test-bucket,SECURED,Enforced Private Policy
2026-06-29 15:22:34,eu-west-1,S3 Bucket,heal-test-bucket,SECURED,Enforced Private Policy
2026-06-29 15:22:34,ap-southeast-1,S3 Bucket,heal-test-bucket,SECURED,Enforced Private Policy
2026-06-29 15:23:35,us-east-1,S3 Bucket,heal-test-bucket,SECURED,Enforced Private Policy
2026-06-29 15:23:35,us-east-1,Network Firewall,vulnerable-corp-firewall,SECURED,Isolated exposed ports
2026-06-29 15:23:37,us-west-2,S3 Bucket,heal-test-bucket,SECURED,Enforced Private Policy
2026-06-29 15:23:37,eu-west-1,S3 Bucket,heal-test-bucket,SECURED,Enforced Private Policy
2026-06-29 15:23:38,ap-southeast-1,S3 Bucket,heal-test-bucket,SECURED,Enforced Private Policy
2026-06-29 15:24:39,us-east-1,S3 Bucket,heal-test-bucket,SECURED,Enforced Private Policy
2026-06-29 15:24:39,us-east-1,Network Firewall,vulnerable-corp-firewall,SECURED,Isolated exposed ports
2026-06-29 15:24:40,us-west-2,S3 Bucket,heal-test-bucket,SECURED,Enforced Private Policy
2026-06-29 15:24:41,eu-west-1,S3 Bucket,heal-test-bucket,SECURED,Enforced Private Policy
2026-06-29 15:24:42,ap-southeast-1,S3 Bucket,heal-test-bucket,SECURED,Enforced Private Policy
2026-06-29 15:25:42,us-east-1,S3 Bucket,heal-test-bucket,SECURED,Enforced Private Policy
2026-06-29 15:25:42,us-east-1,Network Firewall,vulnerable-corp-firewall,SECURED,Isolated exposed ports
2026-06-29 15:25:43,us-west-2,S3 Bucket,heal-test-bucket,SECURED,Enforced Private Policy
2026-06-29 15:25:44,eu-west-1,S3 Bucket,heal-test-bucket,SECURED,Enforced Private Policy
2026-06-29 15:25:45,ap-southeast-1,S3 Bucket,heal-test-bucket,SECURED,Enforced Private Policy
2026-06-29 15:26:45,us-east-1,S3 Bucket,heal-test-bucket,SECURED,Enforced Private Policy
2026-06-29 15:26:45,us-east-1,Network Firewall,vulnerable-corp-firewall,SECURED,Isolated exposed ports
2026-06-29 15:26:47,us-west-2,S3 Bucket,heal-test-bucket,SECURED,Enforced Private Policy
2026-06-29 15:26:47,eu-west-1,S3 Bucket,heal-test-bucket,SECURED,Enforced Private Policy
2026-06-29 15:26:48,ap-southeast-1,S3 Bucket,heal-test-bucket,SECURED,Enforced Private Policy
2026-06-29 15:27:49,us-east-1,S3 Bucket,heal-test-bucket,SECURED,Enforced Private Policy
2026-06-29 15:27:49,us-east-1,Network Firewall,vulnerable-corp-firewall,SECURED,Isolated exposed ports
2026-06-29 15:27:50,us-west-2,S3 Bucket,heal-test-bucket,SECURED,Enforced Private Policy
2026-06-29 15:27:51,eu-west-1,S3 Bucket,heal-test-bucket,SECURED,Enforced Private Policy
2026-06-29 15:27:52,ap-southeast-1,S3 Bucket,heal-test-bucket,SECURED,Enforced Private Policy
2026-06-29 15:28:53,us-east-1,S3 Bucket,heal-test-bucket,SECURED,Enforced Private Policy
2026-06-29 15:28:53,us-east-1,Network Firewall,vulnerable-corp-firewall,SECURED,Isolated exposed ports
2026-06-29 15:28:55,us-west-2,S3 Bucket,heal-test-bucket,SECURED,Enforced Private Policy
2026-06-29 15:28:56,eu-west-1,S3 Bucket,heal-test-bucket,SECURED,Enforced Private Policy
2026-06-29 15:28:57,ap-southeast-1,S3 Bucket,heal-test-bucket,SECURED,Enforced Private Policy
2026-06-29 15:29:58,us-east-1,S3 Bucket,heal-test-bucket,SECURED,Enforced Private Policy
2026-06-29 15:29:58,us-east-1,Network Firewall,vulnerable-corp-firewall,SECURED,Isolated exposed ports
2026-06-29 15:30:03,us-west-2,S3 Bucket,heal-test-bucket,SECURED,Enforced Private Policy
2026-06-29 15:30:04,eu-west-1,S3 Bucket,heal-test-bucket,SECURED,Enforced Private Policy
2026-06-29 15:30:05,ap-southeast-1,S3 Bucket,heal-test-bucket,SECURED,Enforced Private Policy
2026-06-29 15:31:06,us-east-1,S3 Bucket,heal-test-bucket,SECURED,Enforced Private Policy
2026-06-29 15:31:06,us-east-1,Network Firewall,vulnerable-corp-firewall,SECURED,Isolated exposed ports
2026-06-29 15:31:07,us-west-2,S3 Bucket,heal-test-bucket,SECURED,Enforced Private Policy
2026-06-29 15:31:08,eu-west-1,S3 Bucket,heal-test-bucket,SECURED,Enforced Private Policy
2026-06-29 15:31:08,ap-southeast-1,S3 Bucket,heal-test-bucket,SECURED,Enforced Private Policy
2026-06-29 15:32:09,us-east-1,S3 Bucket,heal-test-bucket,SECURED,Enforced Private Policy
2026-06-29 15:32:09,us-east-1,Network Firewall,vulnerable-corp-firewall,SECURED,Isolated exposed ports
2026-06-29 15:32:11,us-west-2,S3 Bucket,heal-test-bucket,SECURED,Enforced Private Policy
2026-06-29 15:32:12,eu-west-1,S3 Bucket,heal-test-bucket,SECURED,Enforced Private Policy
2026-06-29 15:32:13,ap-southeast-1,S3 Bucket,heal-test-bucket,SECURED,Enforced Private Policy
2026-06-29 15:33:14,us-east-1,S3 Bucket,heal-test-bucket,SECURED,Enforced Private Policy
2026-06-29 15:33:14,us-east-1,Network Firewall,vulnerable-corp-firewall,SECURED,Isolated exposed ports
2026-06-29 15:33:15,us-west-2,S3 Bucket,heal-test-bucket,SECURED,Enforced Private Policy
2026-06-29 15:33:16,eu-west-1,S3 Bucket,heal-test-bucket,SECURED,Enforced Private Policy
2026-06-29 15:33:17,ap-southeast-1,S3 Bucket,heal-test-bucket,SECURED,Enforced Private Policy
2026-06-29 15:34:18,us-east-1,S3 Bucket,heal-test-bucket,SECURED,Enforced Private Policy
2026-06-29 15:34:18,us-east-1,Network Firewall,vulnerable-corp-firewall,SECURED,Isolated exposed ports
2026-06-29 15:34:20,us-west-2,S3 Bucket,heal-test-bucket,SECURED,Enforced Private Policy
2026-06-29 15:34:20,eu-west-1,S3 Bucket,heal-test-bucket,SECURED,Enforced Private Policy
2026-06-29 15:34:21,ap-southeast-1,S3 Bucket,heal-test-bucket,SECURED,Enforced Private Policy
2026-06-29 15:35:22,us-east-1,S3 Bucket,heal-test-bucket,SECURED,Enforced Private Policy
2026-06-29 15:35:22,us-east-1,Network Firewall,vulnerable-corp-firewall,SECURED,Isolated exposed ports
2026-06-29 15:35:23,us-west-2,S3 Bucket,heal-test-bucket,SECURED,Enforced Private Policy
2026-06-29 15:35:24,eu-west-1,S3 Bucket,heal-test-bucket,SECURED,Enforced Private Policy
2026-06-29 15:35:25,ap-southeast-1,S3 Bucket,heal-test-bucket,SECURED,Enforced Private Policy
2026-06-29 15:36:25,us-east-1,S3 Bucket,heal-test-bucket,SECURED,Enforced Private Policy
2026-06-29 15:36:25,us-east-1,Network Firewall,vulnerable-corp-firewall,SECURED,Isolated exposed ports
2026-06-29 15:36:27,us-west-2,S3 Bucket,heal-test-bucket,SECURED,Enforced Private Policy
2026-06-29 15:36:27,eu-west-1,S3 Bucket,heal-test-bucket,SECURED,Enforced Private Policy
2026-06-29 15:36:28,ap-southeast-1,S3 Bucket,heal-test-bucket,SECURED,Enforced Private Policy
2026-06-29 15:37:29,us-east-1,S3 Bucket,heal-test-bucket,SECURED,Enforced Private Policy
2026-06-29 15:37:29,us-east-1,Network Firewall,vulnerable-corp-firewall,SECURED,Isolated exposed ports
2026-06-29 15:37:30,us-west-2,S3 Bucket,heal-test-bucket,SECURED,Enforced Private Policy
2026-06-29 15:37:31,eu-west-1,S3 Bucket,heal-test-bucket,SECURED,Enforced Private Policy
2026-06-29 15:37:32,ap-southeast-1,S3 Bucket,heal-test-bucket,SECURED,Enforced Private Policy
2026-06-29 15:38:33,us-east-1,S3 Bucket,heal-test-bucket,SECURED,Enforced Private Policy
2026-06-29 15:38:33,us-east-1,Network Firewall,vulnerable-corp-firewall,SECURED,Isolated exposed ports
2026-06-29 15:38:34,us-west-2,S3 Bucket,heal-test-bucket,SECURED,Enforced Private Policy
2026-06-29 15:38:35,eu-west-1,S3 Bucket,heal-test-bucket,SECURED,Enforced Private Policy
2026-06-29 15:38:35,ap-southeast-1,S3 Bucket,heal-test-bucket,SECURED,Enforced Private Policy
2026-06-29 15:39:36,us-east-1,S3 Bucket,heal-test-bucket,SECURED,Enforced Private Policy
2026-06-29 15:39:36,us-east-1,Network Firewall,vulnerable-corp-firewall,SECURED,Isolated exposed ports
2026-06-29 15:39:37,us-west-2,S3 Bucket,heal-test-bucket,SECURED,Enforced Private Policy
2026-06-29 15:39:38,eu-west-1,S3 Bucket,heal-test-bucket,SECURED,Enforced Private Policy
2026-06-29 15:39:39,ap-southeast-1,S3 Bucket,heal-test-bucket,SECURED,Enforced Private Policy
2026-06-29 15:40:40,us-east-1,S3 Bucket,heal-test-bucket,SECURED,Enforced Private Policy
2026-06-29 15:40:40,us-east-1,Network Firewall,vulnerable-corp-firewall,SECURED,Isolated exposed ports
2026-06-29 15:40:41,us-west-2,S3 Bucket,heal-test-bucket,SECURED,Enforced Private Policy
2026-06-29 15:40:42,eu-west-1,S3 Bucket,heal-test-bucket,SECURED,Enforced Private Policy
2026-06-29 15:40:42,ap-southeast-1,S3 Bucket,heal-test-bucket,SECURED,Enforced Private Policy
2026-06-29 15:41:43,us-east-1,S3 Bucket,heal-test-bucket,SECURED,Enforced Private Policy
2026-06-29 15:41:43,us-east-1,Network Firewall,vulnerable-corp-firewall,SECURED,Isolated exposed ports
2026-06-29 15:41:44,us-west-2,S3 Bucket,heal-test-bucket,SECURED,Enforced Private Policy
2026-06-29 15:41:45,eu-west-1,S3 Bucket,heal-test-bucket,SECURED,Enforced Private Policy
2026-06-29 15:41:46,ap-southeast-1,S3 Bucket,heal-test-bucket,SECURED,Enforced Private Policy
2026-06-29 15:42:47,us-east-1,S3 Bucket,heal-test-bucket,SECURED,Enforced Private Policy
2026-06-29 15:42:47,us-east-1,Network Firewall,vulnerable-corp-firewall,SECURED,Isolated exposed ports
2026-06-29 15:42:48,us-west-2,S3 Bucket,heal-test-bucket,SECURED,Enforced Private Policy
2026-06-29 15:42:49,eu-west-1,S3 Bucket,heal-test-bucket,SECURED,Enforced Private Policy
2026-06-29 15:42:50,ap-southeast-1,S3 Bucket,heal-test-bucket,SECURED,Enforced Private Policy
2026-06-29 15:43:50,us-east-1,S3 Bucket,heal-test-bucket,SECURED,Enforced Private Policy
2026-06-29 15:43:50,us-east-1,Network Firewall,vulnerable-corp-firewall,SECURED,Isolated exposed ports
2026-06-29 15:43:52,us-west-2,S3 Bucket,heal-test-bucket,SECURED,Enforced Private Policy
2026-06-29 15:43:53,eu-west-1,S3 Bucket,heal-test-bucket,SECURED,Enforced Private Policy
2026-06-29 15:43:53,ap-southeast-1,S3 Bucket,heal-test-bucket,SECURED,Enforced Private Policy
2026-06-29 15:44:54,us-east-1,S3 Bucket,heal-test-bucket,SECURED,Enforced Private Policy
2026-06-29 15:44:54,us-east-1,Network Firewall,vulnerable-corp-firewall,SECURED,Isolated exposed ports
2026-06-29 15:44:56,us-west-2,S3 Bucket,heal-test-bucket,SECURED,Enforced Private Policy
2026-06-29 15:44:57,eu-west-1,S3 Bucket,heal-test-bucket,SECURED,Enforced Private Policy
2026-06-29 15:44:58,ap-southeast-1,S3 Bucket,heal-test-bucket,SECURED,Enforced Private Policy
2026-06-29 15:46:00,us-east-1,S3 Bucket,heal-test-bucket,SECURED,Enforced Private Policy
2026-06-29 15:46:00,us-east-1,Network Firewall,vulnerable-corp-firewall,SECURED,Isolated exposed ports
2026-06-29 15:46:01,us-west-2,S3 Bucket,heal-test-bucket,SECURED,Enforced Private Policy
2026-06-29 15:46:02,eu-west-1,S3 Bucket,heal-test-bucket,SECURED,Enforced Private Policy
2026-06-29 15:46:02,ap-southeast-1,S3 Bucket,heal-test-bucket,SECURED,Enforced Private Policy
2026-06-29 15:47:03,us-east-1,S3 Bucket,heal-test-bucket,SECURED,Enforced Private Policy
2026-06-29 15:47:03,us-east-1,Network Firewall,vulnerable-corp-firewall,SECURED,Isolated exposed ports
2026-06-29 15:47:04,us-west-2,S3 Bucket,heal-test-bucket,SECURED,Enforced Private Policy
2026-06-29 15:47:05,eu-west-1,S3 Bucket,heal-test-bucket,SECURED,Enforced Private Policy
2026-06-29 15:47:06,ap-southeast-1,S3 Bucket,heal-test-bucket,SECURED,Enforced Private Policy
2026-06-29 15:48:06,us-east-1,S3 Bucket,heal-test-bucket,SECURED,Enforced Private Policy
2026-06-29 15:48:06,us-east-1,Network Firewall,vulnerable-corp-firewall,SECURED,Isolated exposed ports
2026-06-29 15:48:08,us-west-2,S3 Bucket,heal-test-bucket,SECURED,Enforced Private Policy
2026-06-29 15:48:08,eu-west-1,S3 Bucket,heal-test-bucket,SECURED,Enforced Private Policy
2026-06-29 15:48:09,ap-southeast-1,S3 Bucket,heal-test-bucket,SECURED,Enforced Private Policy
2026-06-29 15:49:10,us-east-1,S3 Bucket,heal-test-bucket,SECURED,Enforced Private Policy
2026-06-29 15:49:10,us-east-1,Network Firewall,vulnerable-corp-firewall,SECURED,Isolated exposed ports
2026-06-29 15:49:11,us-west-2,S3 Bucket,heal-test-bucket,SECURED,Enforced Private Policy
2026-06-29 15:49:12,eu-west-1,S3 Bucket,heal-test-bucket,SECURED,Enforced Private Policy
2026-06-29 15:49:13,ap-southeast-1,S3 Bucket,heal-test-bucket,SECURED,Enforced Private Policy
2026-06-29 15:50:13,us-east-1,S3 Bucket,heal-test-bucket,SECURED,Enforced Private Policy
2026-06-29 15:50:13,us-east-1,Network Firewall,vulnerable-corp-firewall,SECURED,Isolated exposed ports
2026-06-29 15:50:15,us-west-2,S3 Bucket,heal-test-bucket,SECURED,Enforced Private Policy
2026-06-29 15:50:15,eu-west-1,S3 Bucket,heal-test-bucket,SECURED,Enforced Private Policy
2026-06-29 15:50:16,ap-southeast-1,S3 Bucket,heal-test-bucket,SECURED,Enforced Private Policy
2026-06-29 15:51:17,us-east-1,S3 Bucket,heal-test-bucket,SECURED,Enforced Private Policy
2026-06-29 15:51:17,us-east-1,Network Firewall,vulnerable-corp-firewall,SECURED,Isolated exposed ports
2026-06-29 15:51:18,us-west-2,S3 Bucket,heal-test-bucket,SECURED,Enforced Private Policy
2026-06-29 15:51:19,eu-west-1,S3 Bucket,heal-test-bucket,SECURED,Enforced Private Policy
2026-06-29 15:51:19,ap-southeast-1,S3 Bucket,heal-test-bucket,SECURED,Enforced Private Policy
2026-06-29 15:52:20,us-east-1,S3 Bucket,heal-test-bucket,SECURED,Enforced Private Policy
2026-06-29 15:52:20,us-east-1,Network Firewall,vulnerable-corp-firewall,SECURED,Isolated exposed ports
2026-06-29 15:52:22,us-west-2,S3 Bucket,heal-test-bucket,SECURED,Enforced Private Policy
2026-06-29 15:52:22,eu-west-1,S3 Bucket,heal-test-bucket,SECURED,Enforced Private Policy
2026-06-29 15:52:23,ap-southeast-1,S3 Bucket,heal-test-bucket,SECURED,Enforced Private Policy
2026-06-29 15:53:24,us-east-1,S3 Bucket,heal-test-bucket,SECURED,Enforced Private Policy
2026-06-29 15:53:24,us-east-1,Network Firewall,vulnerable-corp-firewall,SECURED,Isolated exposed ports
2026-06-29 15:53:26,us-west-2,S3 Bucket,heal-test-bucket,SECURED,Enforced Private Policy
2026-06-29 15:53:27,eu-west-1,S3 Bucket,heal-test-bucket,SECURED,Enforced Private Policy
2026-06-29 15:53:28,ap-southeast-1,S3 Bucket,heal-test-bucket,SECURED,Enforced Private Policy
2026-06-29 15:54:28,us-east-1,S3 Bucket,heal-test-bucket,SECURED,Enforced Private Policy
2026-06-29 15:54:28,us-east-1,Network Firewall,vulnerable-corp-firewall,SECURED,Isolated exposed ports
2026-06-29 15:54:29,us-west-2,S3 Bucket,heal-test-bucket,SECURED,Enforced Private Policy
2026-06-29 15:54:30,eu-west-1,S3 Bucket,heal-test-bucket,SECURED,Enforced Private Policy
2026-06-29 15:54:31,ap-southeast-1,S3 Bucket,heal-test-bucket,SECURED,Enforced Private Policy
2026-06-29 15:55:31,us-east-1,S3 Bucket,heal-test-bucket,SECURED,Enforced Private Policy
2026-06-29 15:55:31,us-east-1,Network Firewall,vulnerable-corp-firewall,SECURED,Isolated exposed ports
2026-06-29 15:55:33,us-west-2,S3 Bucket,heal-test-bucket,SECURED,Enforced Private Policy
2026-06-29 15:55:33,eu-west-1,S3 Bucket,heal-test-bucket,SECURED,Enforced Private Policy
2026-06-29 15:55:34,ap-southeast-1,S3 Bucket,heal-test-bucket,SECURED,Enforced Private Policy
2026-06-29 15:56:34,us-east-1,S3 Bucket,heal-test-bucket,SECURED,Enforced Private Policy
2026-06-29 15:56:34,us-east-1,Network Firewall,vulnerable-corp-firewall,SECURED,Isolated exposed ports
2026-06-29 15:56:36,us-west-2,S3 Bucket,heal-test-bucket,SECURED,Enforced Private Policy
2026-06-29 15:56:37,eu-west-1,S3 Bucket,heal-test-bucket,SECURED,Enforced Private Policy
2026-06-29 15:56:37,ap-southeast-1,S3 Bucket,heal-test-bucket,SECURED,Enforced Private Policy
2026-06-29 15:57:38,us-east-1,S3 Bucket,heal-test-bucket,SECURED,Enforced Private Policy
2026-06-29 15:57:38,us-east-1,Network Firewall,vulnerable-corp-firewall,SECURED,Isolated exposed ports
2026-06-29 15:57:39,us-west-2,S3 Bucket,heal-test-bucket,SECURED,Enforced Private Policy
2026-06-29 15:57:40,eu-west-1,S3 Bucket,heal-test-bucket,SECURED,Enforced Private Policy
2026-06-29 15:57:41,ap-southeast-1,S3 Bucket,heal-test-bucket,SECURED,Enforced Private Policy
2026-06-29 15:58:41,us-east-1,S3 Bucket,heal-test-bucket,SECURED,Enforced Private Policy
2026-06-29 15:58:41,us-east-1,Network Firewall,vulnerable-corp-firewall,SECURED,Isolated exposed ports
2026-06-29 15:58:43,us-west-2,S3 Bucket,heal-test-bucket,SECURED,Enforced Private Policy
2026-06-29 15:58:44,eu-west-1,S3 Bucket,heal-test-bucket,SECURED,Enforced Private Policy
2026-06-29 15:58:44,ap-southeast-1,S3 Bucket,heal-test-bucket,SECURED,Enforced Private Policy
2026-06-29 15:59:46,us-east-1,S3 Bucket,heal-test-bucket,SECURED,Enforced Private Policy
2026-06-29 15:59:46,us-east-1,Network Firewall,vulnerable-corp-firewall,SECURED,Isolated exposed ports
2026-06-29 15:59:48,us-west-2,S3 Bucket,heal-test-bucket,SECURED,Enforced Private Policy
2026-06-29 15:59:49,eu-west-1,S3 Bucket,heal-test-bucket,SECURED,Enforced Private Policy
2026-06-29 15:59:50,ap-southeast-1,S3 Bucket,heal-test-bucket,SECURED,Enforced Private Policy
2026-06-29 16:00:51,us-east-1,S3 Bucket,heal-test-bucket,SECURED,Enforced Private Policy
2026-06-29 16:00:51,us-east-1,Network Firewall,vulnerable-corp-firewall,SECURED,Isolated exposed ports
2026-06-29 16:00:54,us-west-2,S3 Bucket,heal-test-bucket,SECURED,Enforced Private Policy
2026-06-29 16:00:54,eu-west-1,S3 Bucket,heal-test-bucket,SECURED,Enforced Private Policy
2026-06-29 16:00:55,ap-southeast-1,S3 Bucket,heal-test-bucket,SECURED,Enforced Private Policy
2026-06-29 16:01:56,us-east-1,S3 Bucket,heal-test-bucket,SECURED,Enforced Private Policy
2026-06-29 16:01:56,us-east-1,Network Firewall,vulnerable-corp-firewall,SECURED,Isolated exposed ports
2026-06-29 16:01:57,us-west-2,S3 Bucket,heal-test-bucket,SECURED,Enforced Private Policy
2026-06-29 16:01:59,eu-west-1,S3 Bucket,heal-test-bucket,SECURED,Enforced Private Policy
2026-06-29 16:02:00,ap-southeast-1,S3 Bucket,heal-test-bucket,SECURED,Enforced Private Policy
2026-06-29 16:03:01,us-east-1,S3 Bucket,heal-test-bucket,SECURED,Enforced Private Policy
2026-06-29 16:03:01,us-east-1,Network Firewall,vulnerable-corp-firewall,SECURED,Isolated exposed ports
2026-06-29 16:03:02,us-west-2,S3 Bucket,heal-test-bucket,SECURED,Enforced Private Policy
2026-06-29 16:03:03,eu-west-1,S3 Bucket,heal-test-bucket,SECURED,Enforced Private Policy
2026-06-29 16:03:04,ap-southeast-1,S3 Bucket,heal-test-bucket,SECURED,Enforced Private Policy
2026-06-29 16:04:05,us-east-1,S3 Bucket,heal-test-bucket,SECURED,Enforced Private Policy
2026-06-29 16:04:05,us-east-1,Network Firewall,vulnerable-corp-firewall,SECURED,Isolated exposed ports
2026-06-29 16:04:07,us-west-2,S3 Bucket,heal-test-bucket,SECURED,Enforced Private Policy
2026-06-29 16:04:08,eu-west-1,S3 Bucket,heal-test-bucket,SECURED,Enforced Private Policy
2026-06-29 16:04:09,ap-southeast-1,S3 Bucket,heal-test-bucket,SECURED,Enforced Private Policy
2026-06-29 16:05:09,us-east-1,S3 Bucket,heal-test-bucket,SECURED,Enforced Private Policy
2026-06-29 16:05:09,us-east-1,Network Firewall,vulnerable-corp-firewall,SECURED,Isolated exposed ports
2026-06-29 16:05:11,us-west-2,S3 Bucket,heal-test-bucket,SECURED,Enforced Private Policy
2026-06-29 16:05:12,eu-west-1,S3 Bucket,heal-test-bucket,SECURED,Enforced Private Policy
2026-06-29 16:05:12,ap-southeast-1,S3 Bucket,heal-test-bucket,SECURED,Enforced Private Policy
2026-06-29 16:06:13,us-east-1,S3 Bucket,heal-test-bucket,SECURED,Enforced Private Policy
2026-06-29 16:06:13,us-east-1,Network Firewall,vulnerable-corp-firewall,SECURED,Isolated exposed ports
2026-06-29 16:06:14,us-west-2,S3 Bucket,heal-test-bucket,SECURED,Enforced Private Policy
2026-06-29 16:06:15,eu-west-1,S3 Bucket,heal-test-bucket,SECURED,Enforced Private Policy
2026-06-29 16:06:16,ap-southeast-1,S3 Bucket,heal-test-bucket,SECURED,Enforced Private Policy
2026-06-29 16:07:17,us-east-1,S3 Bucket,heal-test-bucket,SECURED,Enforced Private Policy
2026-06-29 16:07:17,us-east-1,Network Firewall,vulnerable-corp-firewall,SECURED,Isolated exposed ports
2026-06-29 16:07:18,us-west-2,S3 Bucket,heal-test-bucket,SECURED,Enforced Private Policy
2026-06-29 16:07:19,eu-west-1,S3 Bucket,heal-test-bucket,SECURED,Enforced Private Policy
2026-06-29 16:07:20,ap-southeast-1,S3 Bucket,heal-test-bucket,SECURED,Enforced Private Policy
2026-06-29 16:08:21,us-east-1,S3 Bucket,heal-test-bucket,SECURED,Enforced Private Policy
2026-06-29 16:08:21,us-east-1,Network Firewall,vulnerable-corp-firewall,SECURED,Isolated exposed ports
2026-06-29 16:08:23,us-west-2,S3 Bucket,heal-test-bucket,SECURED,Enforced Private Policy
2026-06-29 16:08:23,eu-west-1,S3 Bucket,heal-test-bucket,SECURED,Enforced Private Policy
2026-06-29 16:08:24,ap-southeast-1,S3 Bucket,heal-test-bucket,SECURED,Enforced Private Policy
2026-06-29 16:09:25,us-east-1,S3 Bucket,heal-test-bucket,SECURED,Enforced Private Policy
2026-06-29 16:09:25,us-east-1,Network Firewall,vulnerable-corp-firewall,SECURED,Isolated exposed ports
2026-06-29 16:09:26,us-west-2,S3 Bucket,heal-test-bucket,SECURED,Enforced Private Policy
2026-06-29 16:09:27,eu-west-1,S3 Bucket,heal-test-bucket,SECURED,Enforced Private Policy
2026-06-29 16:09:28,ap-southeast-1,S3 Bucket,heal-test-bucket,SECURED,Enforced Private Policy
2026-06-29 16:10:29,us-east-1,S3 Bucket,heal-test-bucket,SECURED,Enforced Private Policy
2026-06-29 16:10:29,us-east-1,Network Firewall,vulnerable-corp-firewall,SECURED,Isolated exposed ports
2026-06-29 16:10:31,us-west-2,S3 Bucket,heal-test-bucket,SECURED,Enforced Private Policy
2026-06-29 16:10:31,eu-west-1,S3 Bucket,heal-test-bucket,SECURED,Enforced Private Policy
2026-06-29 16:10:32,ap-southeast-1,S3 Bucket,heal-test-bucket,SECURED,Enforced Private Policy
2026-06-29 16:11:33,us-east-1,S3 Bucket,heal-test-bucket,SECURED,Enforced Private Policy
2026-06-29 16:11:33,us-east-1,Network Firewall,vulnerable-corp-firewall,SECURED,Isolated exposed ports
2026-06-29 16:11:34,us-west-2,S3 Bucket,heal-test-bucket,SECURED,Enforced Private Policy
2026-06-29 16:11:34,eu-west-1,S3 Bucket,heal-test-bucket,SECURED,Enforced Private Policy
2026-06-29 16:11:35,ap-southeast-1,S3 Bucket,heal-test-bucket,SECURED,Enforced Private Policy
2026-06-29 16:12:36,us-east-1,S3 Bucket,heal-test-bucket,SECURED,Enforced Private Policy
2026-06-29 16:12:36,us-east-1,Network Firewall,vulnerable-corp-firewall,SECURED,Isolated exposed ports
2026-06-29 16:12:37,us-west-2,S3 Bucket,heal-test-bucket,SECURED,Enforced Private Policy
2026-06-29 16:12:37,eu-west-1,S3 Bucket,heal-test-bucket,SECURED,Enforced Private Policy
2026-06-29 16:12:38,ap-southeast-1,S3 Bucket,heal-test-bucket,SECURED,Enforced Private Policy
2026-06-29 16:13:39,us-east-1,S3 Bucket,heal-test-bucket,SECURED,Enforced Private Policy
2026-06-29 16:13:39,us-east-1,Network Firewall,vulnerable-corp-firewall,SECURED,Isolated exposed ports
2026-06-29 16:13:40,us-west-2,S3 Bucket,heal-test-bucket,SECURED,Enforced Private Policy
2026-06-29 16:13:41,eu-west-1,S3 Bucket,heal-test-bucket,SECURED,Enforced Private Policy
2026-06-29 16:13:42,ap-southeast-1,S3 Bucket,heal-test-bucket,SECURED,Enforced Private Policy
2026-06-29 16:14:43,us-east-1,S3 Bucket,heal-test-bucket,SECURED,Enforced Private Policy
2026-06-29 16:14:43,us-east-1,Network Firewall,vulnerable-corp-firewall,SECURED,Isolated exposed ports
2026-06-29 16:14:45,us-west-2,S3 Bucket,heal-test-bucket,SECURED,Enforced Private Policy
2026-06-29 16:14:45,eu-west-1,S3 Bucket,heal-test-bucket,SECURED,Enforced Private Policy
2026-06-29 16:14:46,ap-southeast-1,S3 Bucket,heal-test-bucket,SECURED,Enforced Private Policy
2026-06-29 16:15:47,us-east-1,S3 Bucket,heal-test-bucket,SECURED,Enforced Private Policy
2026-06-29 16:15:47,us-east-1,Network Firewall,vulnerable-corp-firewall,SECURED,Isolated exposed ports
2026-06-29 16:15:48,us-west-2,S3 Bucket,heal-test-bucket,SECURED,Enforced Private Policy
2026-06-29 16:15:49,eu-west-1,S3 Bucket,heal-test-bucket,SECURED,Enforced Private Policy
2026-06-29 16:15:50,ap-southeast-1,S3 Bucket,heal-test-bucket,SECURED,Enforced Private Policy
2026-06-29 16:16:50,us-east-1,S3 Bucket,heal-test-bucket,SECURED,Enforced Private Policy
2026-06-29 16:16:50,us-east-1,Network Firewall,vulnerable-corp-firewall,SECURED,Isolated exposed ports
2026-06-29 16:16:52,us-west-2,S3 Bucket,heal-test-bucket,SECURED,Enforced Private Policy
2026-06-29 16:16:53,eu-west-1,S3 Bucket,heal-test-bucket,SECURED,Enforced Private Policy
2026-06-29 16:16:54,ap-southeast-1,S3 Bucket,heal-test-bucket,SECURED,Enforced Private Policy
2026-06-29 16:17:54,us-east-1,S3 Bucket,heal-test-bucket,SECURED,Enforced Private Policy
2026-06-29 16:17:54,us-east-1,Network Firewall,vulnerable-corp-firewall,SECURED,Isolated exposed ports
2026-06-29 16:17:56,us-west-2,S3 Bucket,heal-test-bucket,SECURED,Enforced Private Policy
2026-06-29 16:17:56,eu-west-1,S3 Bucket,heal-test-bucket,SECURED,Enforced Private Policy
2026-06-29 16:17:57,ap-southeast-1,S3 Bucket,heal-test-bucket,SECURED,Enforced Private Policy
2026-06-29 16:18:58,us-east-1,S3 Bucket,heal-test-bucket,SECURED,Enforced Private Policy
2026-06-29 16:18:58,us-east-1,Network Firewall,vulnerable-corp-firewall,SECURED,Isolated exposed ports
2026-06-29 16:18:59,us-west-2,S3 Bucket,heal-test-bucket,SECURED,Enforced Private Policy
2026-06-29 16:19:00,eu-west-1,S3 Bucket,heal-test-bucket,SECURED,Enforced Private Policy
2026-06-29 16:19:01,ap-southeast-1,S3 Bucket,heal-test-bucket,SECURED,Enforced Private Policy
2026-06-29 16:20:01,us-east-1,S3 Bucket,heal-test-bucket,SECURED,Enforced Private Policy
2026-06-29 16:20:01,us-east-1,Network Firewall,vulnerable-corp-firewall,SECURED,Isolated exposed ports
2026-06-29 16:20:03,us-west-2,S3 Bucket,heal-test-bucket,SECURED,Enforced Private Policy
2026-06-29 16:20:03,eu-west-1,S3 Bucket,heal-test-bucket,SECURED,Enforced Private Policy
2026-06-29 16:20:05,ap-southeast-1,S3 Bucket,heal-test-bucket,SECURED,Enforced Private Policy
2026-06-29 16:21:05,us-east-1,S3 Bucket,heal-test-bucket,SECURED,Enforced Private Policy
2026-06-29 16:21:05,us-east-1,Network Firewall,vulnerable-corp-firewall,SECURED,Isolated exposed ports
2026-06-29 16:21:07,us-west-2,S3 Bucket,heal-test-bucket,SECURED,Enforced Private Policy
2026-06-29 16:21:07,eu-west-1,S3 Bucket,heal-test-bucket,SECURED,Enforced Private Policy
2026-06-29 16:21:08,ap-southeast-1,S3 Bucket,heal-test-bucket,SECURED,Enforced Private Policy
2026-06-29 16:22:09,us-east-1,S3 Bucket,heal-test-bucket,SECURED,Enforced Private Policy
2026-06-29 16:22:09,us-east-1,Network Firewall,vulnerable-corp-firewall,SECURED,Isolated exposed ports
2026-06-29 16:22:10,us-west-2,S3 Bucket,heal-test-bucket,SECURED,Enforced Private Policy
2026-06-29 16:22:10,eu-west-1,S3 Bucket,heal-test-bucket,SECURED,Enforced Private Policy
2026-06-29 16:22:11,ap-southeast-1,S3 Bucket,heal-test-bucket,SECURED,Enforced Private Policy
2026-06-29 16:23:12,us-east-1,S3 Bucket,heal-test-bucket,SECURED,Enforced Private Policy
2026-06-29 16:23:12,us-east-1,Network Firewall,vulnerable-corp-firewall,SECURED,Isolated exposed ports
2026-06-29 16:23:14,us-west-2,S3 Bucket,heal-test-bucket,SECURED,Enforced Private Policy
2026-06-29 16:23:14,eu-west-1,S3 Bucket,heal-test-bucket,SECURED,Enforced Private Policy
2026-06-29 16:23:15,ap-southeast-1,S3 Bucket,heal-test-bucket,SECURED,Enforced Private Policy
2026-06-29 16:24:16,us-east-1,S3 Bucket,heal-test-bucket,SECURED,Enforced Private Policy
2026-06-29 16:24:16,us-east-1,Network Firewall,vulnerable-corp-firewall,SECURED,Isolated exposed ports
2026-06-29 16:24:17,us-west-2,S3 Bucket,heal-test-bucket,SECURED,Enforced Private Policy
2026-06-29 16:24:18,eu-west-1,S3 Bucket,heal-test-bucket,SECURED,Enforced Private Policy
2026-06-29 16:24:18,ap-southeast-1,S3 Bucket,heal-test-bucket,SECURED,Enforced Private Policy
2026-06-29 16:25:19,us-east-1,S3 Bucket,heal-test-bucket,SECURED,Enforced Private Policy
2026-06-29 16:25:19,us-east-1,Network Firewall,vulnerable-corp-firewall,SECURED,Isolated exposed ports
2026-06-29 16:25:20,us-west-2,S3 Bucket,heal-test-bucket,SECURED,Enforced Private Policy
2026-06-29 16:25:21,eu-west-1,S3 Bucket,heal-test-bucket,SECURED,Enforced Private Policy
2026-06-29 16:25:22,ap-southeast-1,S3 Bucket,heal-test-bucket,SECURED,Enforced Private Policy
2026-06-29 16:26:22,us-east-1,S3 Bucket,heal-test-bucket,SECURED,Enforced Private Policy
2026-06-29 16:26:22,us-east-1,Network Firewall,vulnerable-corp-firewall,SECURED,Isolated exposed ports
2026-06-29 16:26:24,us-west-2,S3 Bucket,heal-test-bucket,SECURED,Enforced Private Policy
2026-06-29 16:26:24,eu-west-1,S3 Bucket,heal-test-bucket,SECURED,Enforced Private Policy
2026-06-29 16:26:25,ap-southeast-1,S3 Bucket,heal-test-bucket,SECURED,Enforced Private Policy
2026-06-29 16:27:26,us-east-1,S3 Bucket,heal-test-bucket,SECURED,Enforced Private Policy
2026-06-29 16:27:26,us-east-1,Network Firewall,vulnerable-corp-firewall,SECURED,Isolated exposed ports
2026-06-29 16:27:27,us-west-2,S3 Bucket,heal-test-bucket,SECURED,Enforced Private Policy
2026-06-29 16:27:28,eu-west-1,S3 Bucket,heal-test-bucket,SECURED,Enforced Private Policy
2026-06-29 16:27:28,ap-southeast-1,S3 Bucket,heal-test-bucket,SECURED,Enforced Private Policy
2026-06-29 16:28:29,us-east-1,S3 Bucket,heal-test-bucket,SECURED,Enforced Private Policy
2026-06-29 16:28:29,us-east-1,Network Firewall,vulnerable-corp-firewall,SECURED,Isolated exposed ports
2026-06-29 16:28:30,us-west-2,S3 Bucket,heal-test-bucket,SECURED,Enforced Private Policy
2026-06-29 16:28:31,eu-west-1,S3 Bucket,heal-test-bucket,SECURED,Enforced Private Policy
2026-06-29 16:28:32,ap-southeast-1,S3 Bucket,heal-test-bucket,SECURED,Enforced Private Policy
2026-06-29 16:29:32,us-east-1,S3 Bucket,heal-test-bucket,SECURED,Enforced Private Policy
2026-06-29 16:29:32,us-east-1,Network Firewall,vulnerable-corp-firewall,SECURED,Isolated exposed ports
2026-06-29 16:29:34,us-west-2,S3 Bucket,heal-test-bucket,SECURED,Enforced Private Policy
2026-06-29 16:29:34,eu-west-1,S3 Bucket,heal-test-bucket,SECURED,Enforced Private Policy
2026-06-29 16:29:35,ap-southeast-1,S3 Bucket,heal-test-bucket,SECURED,Enforced Private Policy
2026-06-29 16:30:36,us-east-1,S3 Bucket,heal-test-bucket,SECURED,Enforced Private Policy
2026-06-29 16:30:36,us-east-1,Network Firewall,vulnerable-corp-firewall,SECURED,Isolated exposed ports
2026-06-29 16:30:37,us-west-2,S3 Bucket,heal-test-bucket,SECURED,Enforced Private Policy
2026-06-29 16:30:38,eu-west-1,S3 Bucket,heal-test-bucket,SECURED,Enforced Private Policy
2026-06-29 16:30:39,ap-southeast-1,S3 Bucket,heal-test-bucket,SECURED,Enforced Private Policy
2026-06-29 16:31:39,us-east-1,S3 Bucket,heal-test-bucket,SECURED,Enforced Private Policy
2026-06-29 16:31:39,us-east-1,Network Firewall,vulnerable-corp-firewall,SECURED,Isolated exposed ports
2026-06-29 16:31:41,us-west-2,S3 Bucket,heal-test-bucket,SECURED,Enforced Private Policy
2026-06-29 16:31:42,eu-west-1,S3 Bucket,heal-test-bucket,SECURED,Enforced Private Policy
2026-06-29 16:31:43,ap-southeast-1,S3 Bucket,heal-test-bucket,SECURED,Enforced Private Policy
2026-06-29 16:32:43,us-east-1,S3 Bucket,heal-test-bucket,SECURED,Enforced Private Policy
2026-06-29 16:32:43,us-east-1,Network Firewall,vulnerable-corp-firewall,SECURED,Isolated exposed ports
2026-06-29 16:32:45,us-west-2,S3 Bucket,heal-test-bucket,SECURED,Enforced Private Policy
2026-06-29 16:32:45,eu-west-1,S3 Bucket,heal-test-bucket,SECURED,Enforced Private Policy
2026-06-29 16:32:46,ap-southeast-1,S3 Bucket,heal-test-bucket,SECURED,Enforced Private Policy
2026-06-29 16:33:47,us-east-1,S3 Bucket,heal-test-bucket,SECURED,Enforced Private Policy
2026-06-29 16:33:47,us-east-1,Network Firewall,vulnerable-corp-firewall,SECURED,Isolated exposed ports
2026-06-29 16:33:48,us-west-2,S3 Bucket,heal-test-bucket,SECURED,Enforced Private Policy
2026-06-29 16:33:49,eu-west-1,S3 Bucket,heal-test-bucket,SECURED,Enforced Private Policy
2026-06-29 16:33:50,ap-southeast-1,S3 Bucket,heal-test-bucket,SECURED,Enforced Private Policy
2026-06-29 16:34:50,us-east-1,S3 Bucket,heal-test-bucket,SECURED,Enforced Private Policy
2026-06-29 16:34:50,us-east-1,Network Firewall,vulnerable-corp-firewall,SECURED,Isolated exposed ports
2026-06-29 16:34:51,us-west-2,S3 Bucket,heal-test-bucket,SECURED,Enforced Private Policy
2026-06-29 16:34:52,eu-west-1,S3 Bucket,heal-test-bucket,SECURED,Enforced Private Policy
2026-06-29 16:34:53,ap-southeast-1,S3 Bucket,heal-test-bucket,SECURED,Enforced Private Policy
2026-06-29 16:35:54,us-east-1,S3 Bucket,heal-test-bucket,SECURED,Enforced Private Policy
2026-06-29 16:35:54,us-east-1,Network Firewall,vulnerable-corp-firewall,SECURED,Isolated exposed ports
2026-06-29 16:35:55,us-west-2,S3 Bucket,heal-test-bucket,SECURED,Enforced Private Policy
2026-06-29 16:35:56,eu-west-1,S3 Bucket,heal-test-bucket,SECURED,Enforced Private Policy
2026-06-29 16:35:57,ap-southeast-1,S3 Bucket,heal-test-bucket,SECURED,Enforced Private Policy
2026-06-29 16:36:57,us-east-1,S3 Bucket,heal-test-bucket,SECURED,Enforced Private Policy
2026-06-29 16:36:57,us-east-1,Network Firewall,vulnerable-corp-firewall,SECURED,Isolated exposed ports
2026-06-29 16:36:58,us-west-2,S3 Bucket,heal-test-bucket,SECURED,Enforced Private Policy
2026-06-29 16:36:59,eu-west-1,S3 Bucket,heal-test-bucket,SECURED,Enforced Private Policy
2026-06-29 16:37:00,ap-southeast-1,S3 Bucket,heal-test-bucket,SECURED,Enforced Private Policy
2026-06-29 16:38:01,us-east-1,S3 Bucket,heal-test-bucket,SECURED,Enforced Private Policy
2026-06-29 16:38:01,us-east-1,Network Firewall,vulnerable-corp-firewall,SECURED,Isolated exposed ports
2026-06-29 16:38:03,us-west-2,S3 Bucket,heal-test-bucket,SECURED,Enforced Private Policy
2026-06-29 16:38:03,eu-west-1,S3 Bucket,heal-test-bucket,SECURED,Enforced Private Policy
2026-06-29 16:38:04,ap-southeast-1,S3 Bucket,heal-test-bucket,SECURED,Enforced Private Policy
2026-06-29 16:39:05,us-east-1,S3 Bucket,heal-test-bucket,SECURED,Enforced Private Policy
2026-06-29 16:39:05,us-east-1,Network Firewall,vulnerable-corp-firewall,SECURED,Isolated exposed ports
2026-06-29 16:39:06,us-west-2,S3 Bucket,heal-test-bucket,SECURED,Enforced Private Policy
2026-06-29 16:39:07,eu-west-1,S3 Bucket,heal-test-bucket,SECURED,Enforced Private Policy
2026-06-29 16:39:07,ap-southeast-1,S3 Bucket,heal-test-bucket,SECURED,Enforced Private Policy
2026-06-29 16:40:08,us-east-1,S3 Bucket,heal-test-bucket,SECURED,Enforced Private Policy
2026-06-29 16:40:08,us-east-1,Network Firewall,vulnerable-corp-firewall,SECURED,Isolated exposed ports
2026-06-29 16:40:10,us-west-2,S3 Bucket,heal-test-bucket,SECURED,Enforced Private Policy
2026-06-29 16:40:10,eu-west-1,S3 Bucket,heal-test-bucket,SECURED,Enforced Private Policy
2026-06-29 16:40:11,ap-southeast-1,S3 Bucket,heal-test-bucket,SECURED,Enforced Private Policy
2026-06-29 16:41:12,us-east-1,S3 Bucket,heal-test-bucket,SECURED,Enforced Private Policy
2026-06-29 16:41:12,us-east-1,Network Firewall,vulnerable-corp-firewall,SECURED,Isolated exposed ports
2026-06-29 16:41:17,us-west-2,S3 Bucket,heal-test-bucket,SECURED,Enforced Private Policy
2026-06-29 16:41:18,eu-west-1,S3 Bucket,heal-test-bucket,SECURED,Enforced Private Policy
2026-06-29 16:41:18,ap-southeast-1,S3 Bucket,heal-test-bucket,SECURED,Enforced Private Policy
2026-06-29 16:42:19,us-east-1,S3 Bucket,heal-test-bucket,SECURED,Enforced Private Policy
2026-06-29 16:42:19,us-east-1,Network Firewall,vulnerable-corp-firewall,SECURED,Isolated exposed ports
2026-06-29 16:42:20,us-west-2,S3 Bucket,heal-test-bucket,SECURED,Enforced Private Policy
2026-06-29 16:42:21,eu-west-1,S3 Bucket,heal-test-bucket,SECURED,Enforced Private Policy
2026-06-29 16:42:22,ap-southeast-1,S3 Bucket,heal-test-bucket,SECURED,Enforced Private Policy
